"Timestamp","Album_Title","Item_Count","Href","Status","Note"
"2026-09-13 09:24:59","정세라 핸드폰 사진\우리연애사진","항목 115개","/album/AF1QipOrq_7IHakD_WJkbljqb9RFzmP9k3MkNev7lMST","SUCCESS","Confirm delete button in dialog not found"
"2026-09-13 09:25:13","정세라 핸드폰 사진\아이폰X_2019~2021.11\202102_e","항목 19개","/album/AF1QipNox67pbHuZ3NA466CqcxHMGcBK8E16soeVOQWW","SUCCESS","Delete album menuitem not found"
"2026-09-13 09:25:21","정세라 핸드폰 사진\아이폰X_2019~2021.11\202101_a","항목 49개","/album/AF1QipO0v-w5useU-BTBjm1DHrnwr3RAEcwyoeuI-dJz","SUCCESS",""
"2026-09-13 09:25:27","정세라 핸드폰 사진\우리연애사진","항목 1299개","/album/AF1QipO7K53hWeO6SJBzavul42Mnz3sw9h3JIJFuN6Mb","SUCCESS",""
"2026-09-13 09:25:41","정세라 핸드폰 사진\우리연애사진\샘플링","항목 31개","/album/AF1QipOipA9EROTWm_-JCGAtwCPH3FpLGcOTKRV3yg2j","SUCCESS","Confirm delete button in dialog not found"
"2026-09-13 09:25:55","정세라 핸드폰 사진\우리연애사진\샘플링","항목 50개","/album/AF1QipPCNBaKbJQomWmjbo3iBAVwsWVe28Gj9kHdsTP3","SUCCESS","Confirm delete button in dialog not found"
"2026-09-13 09:26:11","정세라 핸드폰 사진\아이폰X_2019~2021.11\202106__","항목 362개","/album/AF1QipOaNjlNqER1EXYU_U3icZkZoGS9R8zcEnwhP43E","SUCCESS",""
"2026-09-13 09:26:25","정세라 핸드폰 사진\아이폰X_2019~2021.11\202107__","항목 194개","/album/AF1QipP7wUrMIRaUoT81FBPJlg4VLORdb7F0oqvyLoM0","SUCCESS","Confirm delete button in dialog not found"
"2026-09-13 09:26:43","정세라 핸드폰 사진\아이폰X_2019~2021.11\202106_a","항목 162개","/album/AF1QipMr0wdjh2sjO8hWaTTJsg6VoklKEQ_EhzXBY-AT","SUCCESS","Confirm delete button in dialog not found"
"2026-09-13 09:26:50","정세라 핸드폰 사진\아이폰X_2019~2021.11\202106__","항목 50개","/album/AF1QipOQDF-_vh5TyURq-BqLpqpmwYv1nBJweiL563gu","SUCCESS",""
"2026-09-13 09:27:04","정세라 핸드폰 사진\아이폰X_2019~2021.11\202105_e","항목 322개","/album/AF1QipO1LIQxlIx9yCxk9bybJJOPz2PVmBXbUuSETqNe","SUCCESS","Confirm delete button in dialog not found"
"2026-09-13 09:27:11","정세라 핸드폰 사진\아이폰X_2019~2021.11\202105_e","항목 100개","/album/AF1QipMk3iIzxzSoOBsWNcPDyTkVmWf5Rbn8bP2wt7gB","SUCCESS",""
"2026-09-13 09:27:33","정세라 핸드폰 사진\아이폰X_2019~2021.11\202105__","항목 192개","/album/AF1QipN5JJtf2uyHTHEODTaKOcTQW4fuT2OedxAz6cJ0","SUCCESS","Confirm delete button in dialog not found"
"2026-09-13 09:27:42","정세라 핸드폰 사진\아이폰X_2019~2021.11\202105_a","항목 12개","/album/AF1QipMvFZw_IU9LVjIwYCWsYfkyVm9DjqA9ICTIAaxP","SUCCESS",""
"2026-09-13 09:27:44","정세라 핸드폰 사진\아이폰X_2019~2021.11\202105_b","항목 1개","/album/AF1QipND8za7NXgzbrgUCPSatFfFAodY9clG0vDqU7Sn","ALREADY_DELETED","Already deleted / 404"
"2026-09-13 09:27:50","정세라 핸드폰 사진\아이폰X_2019~2021.11\202105_c","항목 1개","/album/AF1QipMJI92KSbpAX9aHLsLWndF_M4WUEF-iFCBlkJ9g","SUCCESS",""
"2026-09-13 09:27:56","정세라 핸드폰 사진\아이폰X_2019~2021.11\202105_d","항목 1개","/album/AF1QipNVu-RsiLTi-nYUQ2Vkiva-mzFclUPiBJql9bvY","SUCCESS",""
"2026-09-13 09:28:04","정세라 핸드폰 사진\아이폰X_2019~2021.11\202104__","항목 642개","/album/AF1QipOfnfp4R8MBH9aPRzE8OnmjvadJwncdoezQzFEr","SUCCESS",""
"2026-09-13 09:28:17","정세라 핸드폰 사진\아이폰X_2019~2021.11\202103_g","항목 74개","/album/AF1QipMBI4Trr8QEEBtgw6Txso3JPxlAZsjJKfEURATE","SUCCESS","Confirm delete button in dialog not found"
"2026-09-13 09:28:23","정세라 핸드폰 사진\아이폰X_2019~2021.11\202103_f","항목 90개","/album/AF1QipPGV7m3jGeCxcRdJ4gzaXxrqzFvZwK0NsYejMrQ","SUCCESS",""
"2026-09-13 09:28:31","정세라 핸드폰 사진\아이폰X_2019~2021.11\202103_d","항목 9개","/album/AF1QipO1hKldd42c9UtTmO9ftC7e6fmL4JoAxr61sjF7","SUCCESS",""
"2026-09-13 09:28:48","정세라 핸드폰 사진\아이폰X_2019~2021.11\202103_h","항목 221개","/album/AF1QipMOPKKkgAaAm0psiAxe2_9flb49S4MqOfm-LAMr","SUCCESS","Confirm delete button in dialog not found"
"2026-09-13 09:28:55","정세라 핸드폰 사진\아이폰X_2019~2021.11\202103_e","항목 50개","/album/AF1QipPqO-0m2S81DD2fyQebcRpD-LH1UYpJdFI_8_nA","SUCCESS",""
"2026-09-13 09:29:02","정세라 핸드폰 사진\아이폰X_2019~2021.11\202102_h","항목 143개","/album/AF1QipNsbeQWg8iOmNBh0m62J_MW6urf738CxeBUUGiX","SUCCESS",""
"2026-09-13 09:29:09","정세라 핸드폰 사진\아이폰X_2019~2021.11\202102_g","항목 71개","/album/AF1QipPDd7oNX5jEdn3g6T2MLo7fpjou9ukif571rvzw","SUCCESS",""
"2026-09-13 09:29:19","정세라 핸드폰 사진\아이폰X_2019~2021.11\202102_f","항목 232개","/album/AF1QipOc4qC_oiXVFkiGWwlWO70DEwyFyOkGqqsOAKko","SUCCESS","Page.goto: net::ERR_ABORTED at https://photos.google.com/album/AF1QipOc4qC_oiXVFkiGWwlWO70DEwyFyOkGq"
"2026-09-13 09:29:26","정세라 핸드폰 사진\아이폰X_2019~2021.11\202102_d","항목 8개","/album/AF1QipNRJeOW8SVU6r3R2zCQ5qBX4HEmz3crJcc-3HOX","SUCCESS",""
"2026-09-13 09:29:39","정세라 핸드폰 사진\아이폰X_2019~2021.11\202101_b","항목 184개","/album/AF1QipPdgWRFO5JAUJl9QMZnaUFPebCiDNQ7e85SvO3p","SUCCESS","Delete album menuitem not found"
"2026-09-13 09:29:46","정세라 핸드폰 사진\아이폰X_2019~2021.11\202101_a","항목 87개","/album/AF1QipMwaEHuo3vbfqb_mRdeM9N5nBSDBVUt62WOPkzs","SUCCESS",""
"2026-09-13 09:29:52","정세라 핸드폰 사진\아이폰X_2019~2021.11\202012_f","항목 145개","/album/AF1QipNKuAdIDTEqDJvrdF_VoO1PsdEnGPx6zCF87c0S","SUCCESS",""
"2026-09-13 09:30:01","정세라 핸드폰 사진\아이폰X_2019~2021.11\202101_b","항목 48개","/album/AF1QipPYjUilAiiG6LsBqEFUvrdb72WBeLhcTqnaxxQl","SUCCESS",""
"2026-09-13 09:30:09","정세라 핸드폰 사진\아이폰X_2019~2021.11\202012_e","항목 326개","/album/AF1QipMS_4rQNYzMKVQKKNDveBnQE8HU3GjpOSSZcPsj","SUCCESS",""
"2026-09-13 09:30:16","정세라 핸드폰 사진\아이폰X_2019~2021.11\202012_e","항목 245개","/album/AF1QipOcW_iBED8JfCsFCIb6jvSPPHMj5iGTxKxl0JM8","SUCCESS",""
"2026-09-13 09:30:28","정세라 핸드폰 사진\아이폰X_2019~2021.11\202012_d","항목 77개","/album/AF1QipNi1a0x83ggAg_BrJ1tw1GENXd_-AuuN837bDwM","SUCCESS",""
"2026-09-13 09:31:00","정세라 핸드폰 사진\아이폰X_2019~2021.11\202012_c","항목 290개","/album/AF1QipPezq4MtyhjAgMTb0lqfQaNqBVKqU3_LOaVp5Rm","SUCCESS","Delete album menuitem not found"
"2026-09-13 09:31:08","정세라 핸드폰 사진\아이폰X_2019~2021.11\202011_f","항목 19개","/album/AF1QipO-aFEkIq4n9YWIEFmVllz1c9zUfFP4MFsDZgdS","SUCCESS",""
"2026-09-13 09:31:29","정세라 핸드폰 사진\아이폰X_2019~2021.11\202011_e","항목 469개","/album/AF1QipMlMOrLVTGgTJlxT7PTHk3YDqhNvf0xEfcnmz9s","SUCCESS","Confirm delete button in dialog not found"
"2026-09-13 09:31:36","정세라 핸드폰 사진\아이폰X_2019~2021.11\202011_d","항목 207개","/album/AF1QipMU-BFxDtZUQLhpKqkZN-xGhy-iR5MPG9MI4QER","SUCCESS",""
"2026-09-13 09:31:44","정세라 핸드폰 사진\아이폰X_2019~2021.11\202011_c","항목 187개","/album/AF1QipPB7x_pkXzWKaHNliP8-KIVdhQdoA8i-cDcQIuM","SUCCESS",""
"2026-09-13 09:31:58","정세라 핸드폰 사진\아이폰X_2019~2021.11\202010_d","항목 250개","/album/AF1QipPObPKPia7wNIwWc7SziCtITY2qZwx3fq6GbSFC","SUCCESS","Delete album menuitem not found"
"2026-09-13 09:32:06","정세라 핸드폰 사진\아이폰X_2019~2021.11\202010_c","항목 1376개","/album/AF1QipNTAuF_Wr_tiiM1a21SX69peQOQir0O6JG2evUa","SUCCESS",""
"2026-09-13 09:32:15","정세라 핸드폰 사진\아이폰X_2019~2021.11\202010_b","항목 345개","/album/AF1QipNe5tJP4qfpodykEzrrj8cjEvYPjp3eu1ZCwk6J","SUCCESS",""
"2026-09-13 09:32:23","정세라 핸드폰 사진\아이폰X_2019~2021.11\202009_d","항목 685개","/album/AF1QipO3-7uNKa5TPqjd0CpGwWn_HrducDZgPqomPz0y","SUCCESS",""
"2026-09-13 09:32:29","정세라 핸드폰 사진\아이폰X_2019~2021.11\202009_c","항목 52개","/album/AF1QipPG8ZQuwHaV1NmPyCdqM1bq6sHBiN-kpPkoOCP3","SUCCESS",""
"2026-09-13 09:32:50","정세라 핸드폰 사진\아이폰X_2019~2021.11\202009_b","항목 217개","/album/AF1QipOBRmEzhO5d-tMyNOoVcn9Xrizi9DVHLRSRbetW","SUCCESS","Delete album menuitem not found"
"2026-09-13 09:32:59","정세라 핸드폰 사진\아이폰X_2019~2021.11\202008_b","항목 29개","/album/AF1QipOi6YsO5QcmQRvgSiexT5nbFDmswdEyJAfswvqq","SUCCESS",""
"2026-09-13 09:33:56","정세라 핸드폰 사진\아이폰X_2019~2021.11\202008_a","항목 235개","/album/AF1QipPU6KCjVkGgrcQb6bZ2Pk8g0A0QPhZZnvZ8Dewm","SUCCESS","Confirm delete button in dialog not found"
"2026-09-13 09:34:04","정세라 핸드폰 사진\아이폰X_2019~2021.11\202007_d","항목 120개","/album/AF1QipPu4EdzcqwBcz0xm2xVMqLGsxPtyxm7jMGlwb5s","SUCCESS",""
"2026-09-13 09:34:17","정세라 핸드폰 사진\아이폰X_2019~2021.11\202007_c","항목 319개","/album/AF1QipO7z8dTDqgc7lh2dZOz1Gs5JLWqR0PgQxPzN8dT","SUCCESS",""
"2026-09-13 09:34:23","정세라 핸드폰 사진\아이폰X_2019~2021.11\202007_b","항목 41개","/album/AF1QipOR1dyjHxwAUiHIzyjbreyFIlMQa2lyLgFq8Wfl","SUCCESS",""
"2026-09-13 09:34:31","정세라 핸드폰 사진\아이폰X_2019~2021.11\202006_h","항목 59개","/album/AF1QipMy75gWKS0b1ydb_eic5M0nLBGt-sk3AS7U_Zrz","SUCCESS",""
"2026-09-13 09:34:37","정세라 핸드폰 사진\아이폰X_2019~2021.11\202006_g","항목 20개","/album/AF1QipNQx1Hoe3tt7J0syGerNCwO7ENevOM_1EwIemuX","SUCCESS",""
"2026-09-13 09:34:44","정세라 핸드폰 사진\아이폰X_2019~2021.11\202006_f","항목 88개","/album/AF1QipO3zGj3UfPmK3H2Kc4HoW5QF_q_MbLjsIHM_1SP","SUCCESS",""
"2026-09-13 09:34:51","정세라 핸드폰 사진\아이폰X_2019~2021.11\202006_d","항목 361개","/album/AF1QipNKTmm8xA-vuRitiFcxUgF9CT8W23JkYEbyjKsW","SUCCESS",""
"2026-09-13 09:35:06","정세라 핸드폰 사진\아이폰X_2019~2021.11\202005_b","항목 227개","/album/AF1QipNrEDeQucGLyEJ1azNAjPdcu1m-riRK3UULUEHP","SUCCESS","Confirm delete button in dialog not found"
"2026-09-13 09:35:14","정세라 핸드폰 사진\아이폰X_2019~2021.11\202005_a","항목 480개","/album/AF1QipPX5R7XnY1mZ6nLPHMexTLsXhz85pTyDTMfQj0O","SUCCESS",""
"2026-09-13 09:35:22","정세라 핸드폰 사진\아이폰X_2019~2021.11\202004__","항목 501개","/album/AF1QipMHsj7exj0jnkKOBYrvHHkjtP8uOiaYaVbtIsuF","SUCCESS",""
"2026-09-13 09:35:37","정세라 핸드폰 사진\아이폰X_2019~2021.11\202003_b","항목 350개","/album/AF1QipN9_wvbQTkVqRNeEmomkEH8wOG2gdaO8ec5aCDa","SUCCESS","Confirm delete button in dialog not found"
"2026-09-13 09:35:44","정세라 핸드폰 사진\아이폰X_2019~2021.11\202002__","항목 459개","/album/AF1QipMUVw16UPKFv9_KzG4TGtKPZhOviNWL4Crwt2sS","SUCCESS",""
"2026-09-13 09:35:51","정세라 핸드폰 사진\아이폰X_2019~2021.11\202001_d","항목 71개","/album/AF1QipNY2dWJi7n2uJzBpXaZuC06OKlJ-mNW1EPHZBYc","SUCCESS",""
"2026-09-13 09:35:58","정세라 핸드폰 사진\아이폰X_2019~2021.11\202001_b","항목 255개","/album/AF1QipOi4QPhgFJEtktHjL1G45E8jI3CAfJaaeC8mZPR","SUCCESS",""
"2026-09-13 09:36:29","정세라 핸드폰 사진\아이폰X_2019~2021.11\202001_b","항목 65개","/album/AF1QipMSbA0j3N2rbaivaOXVNx8K_8jzET266_jvKAqR","SUCCESS","Confirm delete button in dialog not found"
"2026-09-13 09:36:45","정세라 핸드폰 사진\아이폰X_2019~2021.11\2019년","항목 28개","/album/AF1QipNbVlAy09TLlVVbTkpPtUMGACwhC3vy3YxRhkqm","SUCCESS","Delete album menuitem not found"
"2026-09-13 09:36:53","정세라 핸드폰 사진\아이폰X_2019~2021.11\201912_a","항목 432개","/album/AF1QipNg_-mkrP9auKKNqGjnhketP3YDc_ACpmnqVdIZ","SUCCESS",""
"2026-09-13 09:37:01","정세라 핸드폰 사진\아이폰X_2019~2021.11\201911_b","항목 125개","/album/AF1QipPnVexF5EQJ9viOuwaVVRBNnF01AkQKSta3G8xk","SUCCESS",""
"2026-09-13 09:37:08","정세라 핸드폰 사진\아이폰X_2019~2021.11\201911_a","항목 574개","/album/AF1QipM6_vyzKp3dKsAx6t6820FVNp78hwj_R0RRqorM","SUCCESS",""
"2026-09-13 09:37:14","정세라 핸드폰 사진\아이폰X_2019~2021.11\201911__","항목 150개","/album/AF1QipOEQ66YdwpRxM1VjyiEgbJ8NJk32rDr0KpxJTzv","SUCCESS",""
"2026-09-13 09:37:21","정세라 핸드폰 사진\아이폰X_2019~2021.11\201910_q","항목 249개","/album/AF1QipMWoQKN8AEuH-ZtwFoCmA6SBkX_Zs2_RGAYHfqi","SUCCESS",""
"2026-09-13 09:37:28","정세라 핸드폰 사진\아이폰X_2019~2021.11\201910_p","항목 126개","/album/AF1QipNw5Ar5wZjDjLnzC4V1o-S2AIGXlJDRH1i32gIX","SUCCESS",""
"2026-09-13 09:37:35","정세라 핸드폰 사진\아이폰X_2019~2021.11\201910_o","항목 540개","/album/AF1QipNgjKHPFtqIS-GdgL5hpF65B-34Rmaw1wX1dZn4","SUCCESS",""
"2026-09-13 09:37:48","정세라 핸드폰 사진\아이폰X_2019~2021.11\201910_n","항목 182개","/album/AF1QipPEYmcIuILH-cWCD_Qm8NVcRiy0IbDarTrtNYis","SUCCESS","Confirm delete button in dialog not found"
"2026-09-13 09:37:55","정세라 핸드폰 사진\아이폰X_2019~2021.11\201910_i","항목 91개","/album/AF1QipMoafp4nVPPgEQS7uxgCBdFQc90v98dsn7SjjRr","SUCCESS",""
"2026-09-13 09:38:09","정세라 핸드폰 사진\아이폰X_2019~2021.11\201910__","항목 252개","/album/AF1QipMV5Jc_lmZGdfBETpqNsVcgw1xCRfKabQttAHIk","SUCCESS","Confirm delete button in dialog not found"
"2026-09-13 09:38:17","정세라 핸드폰 사진\아이폰X_2019~2021.11\201909__","항목 669개","/album/AF1QipOmaR2eSGcaywyWO-ieTrERXpymMrsrJ8e9vSQx","SUCCESS",""
"2026-09-13 09:38:23","정세라 핸드폰 사진\아이폰X_2019~2021.11\201908_c","항목 604개","/album/AF1QipPFG47ndp2WzhTgMKbukRDlYRhsESkgdNLBIShq","SUCCESS",""
"2026-09-13 09:38:34","정세라 핸드폰 사진\아이폰X_2019~2021.11\201908_b","항목 91개","/album/AF1QipOntKe2Is0aQKdj2c7HxG0d8KXRFPtCgtDnWrFa","SUCCESS",""
"2026-09-13 09:38:51","정세라 핸드폰 사진\아이폰X_2019~2021.11\201908_a","항목 217개","/album/AF1QipPNXqWydcYcxR3bqr5gXWGR3HA-xIXccoCCxEfd","SUCCESS",""
"2026-09-13 09:39:00","정세라 핸드폰 사진\아이폰X_2019~2021.11\201908__","항목 21개","/album/AF1QipMewXeGjEehajT9GWnFGdEQ_4XF_XnhBe8dUyTu","SUCCESS",""
"2026-09-13 09:39:20","정세라 핸드폰 사진\아이폰X_2019~2021.11\201907_b","항목 886개","/album/AF1QipPGa2bSBscGCUr6ij2tQOJYf9XG7sLw-UrKx--X","SUCCESS","Confirm delete button in dialog not found"
"2026-09-13 09:39:27","정세라 핸드폰 사진\아이폰X_2019~2021.11\201907_a","항목 31개","/album/AF1QipNl07eCoBoWYwxIPkRSbhAKIBh137RQ0A9pPFU4","SUCCESS",""
"2026-09-13 09:39:34","정세라 핸드폰 사진\아이폰X_2019~2021.11\201906__","항목 535개","/album/AF1QipNyFaxsolKWQynQ6aI4hvHXDHieK0LorZGijNY7","SUCCESS",""
"2026-09-13 09:39:42","정세라 핸드폰 사진\아이폰X_2019~2021.11\201905_a","항목 702개","/album/AF1QipOfpMFVZsiMGQ1N41sDDCtKt-b62TpRUGdrEeMO","SUCCESS",""
"2026-09-13 09:39:56","정세라 핸드폰 사진\아이폰X_2019~2021.11\201904__","항목 801개","/album/AF1QipMXCnTXi7ypnHsqpJbjOSufXmW8yrpdOUz_cS41","SUCCESS","Confirm delete button in dialog not found"
"2026-09-13 09:40:03","정세라 핸드폰 사진\아이폰X_2019~2021.11\201905__","항목 96개","/album/AF1QipM1SnkDAnWmd741qSDz4Q7JdRClPHi-3s8W7h_Y","SUCCESS",""
"2026-09-13 09:40:16","정세라 핸드폰 사진\아이폰X_2019~2021.11\201811__","항목 5개","/album/AF1QipNyyck-3YkRblbWv2r_gzcWKexJCwxCJNhDXmZ3","SUCCESS","Confirm delete button in dialog not found"
"2026-09-13 09:40:24","정세라 핸드폰 사진\아이폰X_2019~2021.11\201807__","항목 10개","/album/AF1QipPoUTPhvobHMeezIW5OdLB_y4fGvAyj6F5Hvpgr","SUCCESS",""
"2026-09-13 09:40:30","정세라 핸드폰 사진\아이폰X_2019~2021.11\201806_x","항목 105개","/album/AF1QipPLaPiadRXk3_7CdkwnoDUNlhtaVZZ_5IPHb4ZJ","SUCCESS",""
"2026-09-13 09:40:37","정세라 핸드폰 사진\아이폰X_2019~2021.11\201806_w","항목 55개","/album/AF1QipPtfKQZMsfAgPM8PQKDX76Xgas095p6h2j3VJOq","SUCCESS",""
"2026-09-13 09:40:43","정세라 핸드폰 사진\아이폰X_2019~2021.11\201806_v","항목 319개","/album/AF1QipOZUpiBEcuRUbBGwlPyLtZaabA-duiWajMKY7CF","SUCCESS",""
"2026-09-13 09:40:54","정세라 핸드폰 사진\아이폰X_2019~2021.11\201806_u","항목 176개","/album/AF1QipOldvDspU8P_PyRf0OBLkxLEk4493j3iTJdwXT8","SUCCESS",""
"2026-09-13 09:41:17","정세라 핸드폰 사진\아이폰X_2019~2021.11\201806_t","항목 80개","/album/AF1QipMLPEsslf-gLNsfTbwwIJw9gjP2uT-2NIrXO_dj","SUCCESS",""
"2026-09-13 09:41:37","정세라 핸드폰 사진\아이폰X_2019~2021.11\201806_s","항목 111개","/album/AF1QipPw7yGW0HztY3ytdKqSOoRhMynoZ1RqszygqZ7L","SUCCESS","Delete album menuitem not found"
"2026-09-13 09:41:43","정세라 핸드폰 사진\아이폰X_2019~2021.11\201806_r","항목 132개","/album/AF1QipOX2FsFVY1bavqHI3-8SDLPvhmhTPz_VLZJqXwD","SUCCESS",""
"2026-09-13 09:41:50","정세라 핸드폰 사진\아빠_시영사진","항목 1472개","/album/AF1QipPLjG29Dcq45NGc3JL87CIpPlGYUcd-Kdx2_vsI","SUCCESS",""
"2026-09-13 09:41:56","정세라 핸드폰 사진\아빠_시영사진","항목 2개","/album/AF1QipP0UNA9OhIIqmWE12IRwl4FwuVVDcY720OJVIZ5","SUCCESS",""
"2026-09-13 09:42:04","시영(쑥쑥)이와 함께\2016(시영이 태어난 해)\5월_1(이상 iPhone촬영)","항목 187개","/album/AF1QipNGzlX_VJ-muApFQP6-CVDordrCo4x5bKHUoYuq","SUCCESS",""
"2026-09-13 09:42:11","Pictures\iPhone4_backup_1211","항목 267개","/album/AF1QipPB9cVLyig4sKIaKgKbBoHLy5EmhniCoGQj0GLM","SUCCESS",""
"2026-09-13 09:42:18","Pictures\Photo Stream\My Photo Stream","항목 26개","/album/AF1QipMhA6TFKenXMwRC3h4EMiOzcnGPA-HHYE0hVMXH","SUCCESS",""
"2026-09-13 09:42:32","Pictures\SVP 5120\2010-12-11 iPhone4_SVP선배","항목 9개","/album/AF1QipOAZ2E2Egqw1L-SirVjTDvKf17Erpts0fwCMdUF","SUCCESS",""
"2026-09-13 09:42:40","Desktop\y_Backup_정리필요\세라폰_정리중__201910\103APPLE","항목 997개","/album/AF1QipOQrRK4ib3CfPjJTpohYtCg1JRjhFQgXs-DVtHf","SUCCESS",""
"2026-09-13 09:42:47","Desktop\y_Backup_정리필요\세라폰_정리중__201910\103APPLE","항목 6개","/album/AF1QipMw7xw2UO_z2MeGwy1acvHenntwah7xqD5OBCle","SUCCESS",""
"2026-09-13 09:42:53","정세라 핸드폰 사진\아이폰X_2019~2021.11\201907__","항목 9개","/album/AF1QipNticcYJCdXiVcDShdZ-2x4Ob8XdaC_UJxCFLBm","SUCCESS",""
"2026-09-13 09:43:00","정세라 핸드폰 사진\아이폰X_2019~2021.11\201906_a","항목 4개","/album/AF1QipNf5iQa5HwV_Gc66q1DlB9TUyxGe8Ahh04YHOFk","SUCCESS",""
"2026-09-13 09:43:07","Desktop\y_Backup_정리필요\세라폰_정리중__201910\102APPLE","항목 1372개","/album/AF1QipNYEDAssyxXHo0zYXwmkwOfZ6wne_RUw-eIM_bz","SUCCESS",""
"2026-09-13 09:43:17","Desktop\y_Backup_정리필요\세라폰_정리중__201910\100APPLE","항목 234개","/album/AF1QipOfunDI-aeZ3yb27vpKIV8kMLyHRI3tqW0Tki28","SUCCESS",""
"2026-09-13 09:43:32","Desktop\y_Backup_정리필요\세라폰_정리중__201910\100APPLE","항목 1개","/album/AF1QipPJU4X8QTN_9xZObEYCuJ0QH7VyEIH0Bm4b9Td0","SUCCESS","Page.goto: net::ERR_ABORTED at https://photos.google.com/album/AF1QipPJU4X8QTN_9xZObEYCuJ0QH7VyEIH0B"
"2026-09-13 09:43:41","Desktop\y_Backup_정리필요\김쓕♥\2016 김시영\초음파사진_모아베베","항목 5개","/album/AF1QipMDrfGo9lz4G0FM-RdgQkAT3fVYc6UzmjqRAPKG","SUCCESS",""
"2026-09-13 09:43:52","시영(쑥쑥)이와 함께\2015(쑥쑥이 엄마 뱃속에서)\초음파사진_모아베베","항목 5개","/album/AF1QipOn4z3udiwwTS2bei1tLQUhZ-pmtVlir0SPoVSN","SUCCESS",""
"2026-09-13 09:43:58","정세라 핸드폰 사진\김쓕♥\2016 김시영\초음파사진_모아베베","항목 5개","/album/AF1QipMnS1eibo0EHrzq7BiTafoMJItUZSo_N7Rd_DNy","SUCCESS",""
"2026-09-13 09:44:07","Desktop\y_Backup_정리필요\김쓕♥\2016 김시영\2016-05","항목 364개","/album/AF1QipOFEPwuHUmBN3SobalQ5BfGC_gdWJOyWbiTXKfW","SUCCESS",""
"2026-09-13 09:44:14","Desktop\WeChat","항목 744개","/album/AF1QipM9x9RLenKX-o3VmWA0oNvGcaRJNFj9dfZ9bVej","SUCCESS",""
"2026-09-13 09:44:22","Desktop\SVP 5120\영상들\쿠키영상","항목 1개","/album/AF1QipOYTrCyk7PgOxe6Zpn6FYeI6OSgAOgxhj6-tDyX","SUCCESS",""
"2026-09-13 09:44:35","Desktop\SVP 5120\영상들\동영상 편집\정원,성경","항목 1개","/album/AF1QipOqa2x7UkTBkkIpVz02VEdTiUXdn-uP2Ecbl7sU","SUCCESS",""
"2026-09-13 09:44:42","Desktop\SVP 5120\영상들\동영상 편집","항목 1개","/album/AF1QipN_nlLI6jSJzoWs2zA8BiG8GHrHtDAvE0dsL_xH","SUCCESS",""
"2026-09-13 09:44:50","Desktop\SVP 5120\무사회PPT\일과정리","항목 3개","/album/AF1QipNfl0BjokcyhfpQ4ucKIma1aivFvANDGdPkzb3T","SUCCESS",""
"2026-09-13 09:44:57","Desktop\SVP 5120\무사회PPT","항목 2개","/album/AF1QipPdZ0GvjXpDD3eHWtf9XWjjlVIWegTzz2mOqvDb","SUCCESS",""
"2026-09-13 09:45:03","Desktop\SVP 5120\WeAreOneFestival\응원곡\그룹 응원곡 가르치는 영상","항목 2개","/album/AF1QipOjIzuRYPFdE7hXLEUq7tJPVXKjRWO9BsvdUMKa","SUCCESS",""
"2026-09-13 09:45:10","Desktop\SVP 5120\E팀정리","항목 1개","/album/AF1QipMS8_JWHK8siwMScXWDCMJ4eLR3PKYAfzwcV9_L","SUCCESS",""
"2026-09-13 09:45:16","Recycled\Dg215","항목 1개","/album/AF1QipPHR9xceqpmCVaE1ZdliVEYQ_2GcWBwsFMDCTcf","SUCCESS",""
"2026-09-13 09:45:24","시영(쑥쑥)이와 함께\2019(아빠 광저우 주재원 1년차)\20190517__하나유치원_활동사진","항목 44개","/album/AF1QipP5t0OhaEkVyMNkqeZIAa9H5hmh0U3OSprOGOih","SUCCESS",""
"2026-09-13 09:45:34","시영(쑥쑥)이와 함께\2019(아빠 광저우 주재원 1년차)\20190517__하나유치원_활동사진","항목 245개","/album/AF1QipPl_JL7Vn1D6h7UoxKrvAjtB-xglFLsGLGiO-jQ","SUCCESS",""
"2026-09-13 09:45:50","Desktop\2018(아빠 복귀했다 다시 주재원)","항목 2521개","/album/AF1QipNT1NTBrCsaSFM6lk2CBWRQSDx8UyXYKul48YvW","SUCCESS",""
"2026-09-13 09:46:05","시영(쑥쑥)이와 함께\2018(아빠 복귀했다 다시 주재원)\20180628-0702 베트남다낭여행","항목 1638개","/album/AF1QipOJqhvq2Yh8KmMn9RpQRtUNa0oNIBgwfxp835IC","SUCCESS",""
"2026-09-13 09:46:14","Desktop\y_Backup_정리필요\기타_SNS_사진__201910\KakaoTalk","항목 18개","/album/AF1QipOTux2p5pUQWDFmXc8GA-JmDDkO0n7dsJgv3CQq","SUCCESS",""
"2026-09-13 09:46:21","Desktop\y_Backup_정리필요\기타_SNS_사진__201910\KakaoTalk","항목 1개","/album/AF1QipNTezqDsn2ZXVJ6xTTY5j1QvTAmzRR8FPIx7DYL","SUCCESS",""
"2026-09-13 09:46:29","Desktop\2016(시영이 태어난 해)\6월3일_파스텔(100일)","항목 119개","/album/AF1QipMCgkwgjYyrHwui86A_a9XJq3LRzIrUtwwkyZhX","SUCCESS",""
"2026-09-13 09:46:36","Desktop\2016(시영이 태어난 해)\베이비파스텔성장앨범\16.06.03 김시영 (100일)","항목 119개","/album/AF1QipOQLxlQXVA1cNDJaOIjibgMk8SI1JTmDSQ5yiXo","SUCCESS",""
"2026-09-13 09:46:42","Desktop\베이비파스텔성장앨범\16.06.03 김시영 (100일)","항목 119개","/album/AF1QipPzAo9dO8F5rSvYgMU2HR8E8fUoKvom6_vdo7N8","SUCCESS",""
"2026-09-13 09:46:52","세라 사진\김시영 성장앨범\김시영.정세라님 (100일) 109218\16.06.03 김시영 (100일)","항목 119개","/album/AF1QipNSRzWhVqWdPUXnkZtwe_9zWnMMntxIeNLRam48","SUCCESS",""
"2026-09-13 09:47:05","시영(쑥쑥)이와 함께\2016(시영이 태어난 해)\6월\6월3일_파스텔(100일)","항목 119개","/album/AF1QipN8KeyOkKJ-QqVry77kPsrMt6QMouSs3MGWLAtf","SUCCESS","Delete album menuitem not found"
"2026-09-13 09:47:11","시영(쑥쑥)이와 함께\2016(시영이 태어난 해)\베이비파스텔성장앨범\16.06.03 김시영 (100일)","항목 19개","/album/AF1QipNxoldpY_5Cc583LC6ZT40KFLx7RVr3Z-u-LKWo","SUCCESS",""
"2026-09-13 09:47:18","정세라 핸드폰 사진\김쓕♥\베이비파스텔성장앨범\16.06.03 김시영 (100일)","항목 119개","/album/AF1QipMH18XiJepfszxlp9LnFWXL9p690Du460p2syut","SUCCESS",""
"2026-09-13 09:47:25","정세라 핸드폰 사진\세라 사진\김시영 성장앨범\김시영.정세라님 (100일) 109218\16.06.03 김시영 (100일)","항목 119개","/album/AF1QipOAgI9qrPHstO6rnso4VU_DKgzhm6fa4iKrQvxW","SUCCESS",""
"2026-09-13 09:47:31","Desktop\2016(시영이 태어난 해)\3월30일_파스텔(50일)","항목 92개","/album/AF1QipMo0RjU0lpI0leOADBRRfN6ZqcOacjkhgkh3eNY","SUCCESS",""
"2026-09-13 09:47:38","Desktop\2016(시영이 태어난 해)\베이비파스텔성장앨범","항목 1개","/album/AF1QipPo8u4h11Ib0QX06XoC9wESw29zPm2GSUQ37mMy","SUCCESS",""
"2026-09-13 09:47:48","Desktop\베이비파스텔성장앨범","항목 1개","/album/AF1QipOCwlXiruiWHhNpr8lXNZhubjBHthCAMMMHaZAa","SUCCESS",""
"2026-09-13 09:48:02","세라 사진\김시영 성장앨범","항목 1개","/album/AF1QipP0o-KwzZVaX_mAqDGfRMsc0VXZNdced-ZexDZv","SUCCESS","Page.goto: net::ERR_ABORTED at https://photos.google.com/album/AF1QipP0o-KwzZVaX_mAqDGfRMsc0VXZNdced"
"2026-09-13 09:48:18","시영(쑥쑥)이와 함께\2016(시영이 태어난 해)\3월\3월30일_파스텔(50일)","항목 92개","/album/AF1QipPi_L5USdN8FzAaoAiaUbmSvHgLuLtkIsU9Z8hL","SUCCESS","Delete album menuitem not found"
"2026-09-13 09:48:26","시영(쑥쑥)이와 함께\2016(시영이 태어난 해)\베이비파스텔성장앨범","항목 1개","/album/AF1QipMRwPUUr8QErc5bEJnrobbcdppiMfzR83FQAMGf","SUCCESS",""
"2026-09-13 09:48:32","정세라 핸드폰 사진\김쓕♥\베이비파스텔성장앨범","항목 1개","/album/AF1QipMcOmPWDDXVAtZojxwaPGRl3mgkckf12GroXYbh","SUCCESS",""
"2026-09-13 09:48:39","정세라 핸드폰 사진\세라 사진\김시영 성장앨범","항목 1개","/album/AF1QipP775uU5-rVvRRIXoTpKXRKZQNAeK0F0EVPqsi8","SUCCESS",""
"2026-09-13 09:48:45","Desktop\2016(시영이 태어난 해)","항목 7개","/album/AF1QipN7RixWmUVIH3KgdYy2RMGsFpKO8oycvq6Wz0AM","SUCCESS",""
"2026-09-13 09:48:52","Desktop\y_Backup_정리필요\김쓕♥\2016 김시영\2016-05","항목 7개","/album/AF1QipNS7oiBiqiRm70XY64Byx14vwSzHld9odR3zWt_","SUCCESS",""
"2026-09-13 09:48:59","시영(쑥쑥)이와 함께\2016(시영이 태어난 해)\5월_1(이상 iPhone촬영)\5월8일_100일__기타","항목 132개","/album/AF1QipMh8RDqobPKznU2PLko4wnMiDWAAphUmvSA94O_","SUCCESS",""
"2026-09-13 09:49:05","시영(쑥쑥)이와 함께\2016(시영이 태어난 해)\5월_1(이상 iPhone촬영)\5월8일_100일__기타","항목 5개","/album/AF1QipPVKgG6kOTES0AZ-iW2aRyPooAFJYnho55N7NHf","SUCCESS",""
"2026-09-13 09:49:12","시영(쑥쑥)이와 함께\2016(시영이 태어난 해)\5월_1(이상 iPhone촬영)\5월_삼성사업장OPEN_나들이__기타","항목 42개","/album/AF1QipNA98jzWMRyQDUiWbJ8rREpj2jejiMJOOsdmtku","SUCCESS",""
"2026-09-13 09:49:19","시영(쑥쑥)이와 함께\2016(시영이 태어난 해)\5월_1(이상 iPhone촬영)\5월_삼성사업장OPEN_나들이__기타","항목 2개","/album/AF1QipOWxzfgc7YRloyX--AztYHs2Fnj999CydbOOFeo","SUCCESS",""
"2026-09-13 09:49:26","Desktop\y_Backup_정리필요\김쓕♥\2016 김시영\2016-04","항목 346개","/album/AF1QipM988Brqen3CRui78gui2VI1vZyPP9JWln-C_n1","SUCCESS",""
"2026-09-13 09:49:33","시영(쑥쑥)이와 함께\2016(시영이 태어난 해)\4월","항목 346개","/album/AF1QipN0PdmKz_SEldKLgqF94vkhHCJyWq2HiQpFbtK2","SUCCESS",""
"2026-09-13 09:49:42","Desktop\y_Backup_정리필요\김쓕♥\2016 김시영\2016-03","항목 323개","/album/AF1QipN0XIunkZCYVvmF0npW5TPjLmzNiWJyZBsn6nCj","SUCCESS",""
"2026-09-13 09:49:49","시영(쑥쑥)이와 함께\2016(시영이 태어난 해)\3월","항목 321개","/album/AF1QipMzL8VKZJBiqtpKyNtvmEL6coK0eX4xaCCg3chp","SUCCESS",""
"2026-09-13 09:49:57","Desktop\y_Backup_정리필요\김쓕♥\2016 김시영\2016-03","항목 3개","/album/AF1QipOeiiRbeXvIvTaTZnTNKENBC_yWXN4wQYoZSu6p","SUCCESS",""
"2026-09-13 09:50:03","시영(쑥쑥)이와 함께\2016(시영이 태어난 해)\3월","항목 3개","/album/AF1QipN38zUzYeLDH1KBO69kytQqVap9GrJPmVTopnGP","SUCCESS",""
"2026-09-13 09:50:33","Desktop\y_Backup_정리필요\김쓕♥\2016 김시영\2016-02","항목 174개","/album/AF1QipP8VwhVIiVMaKTODH93RhBfWQOHX0kd96Pk_8PM","SUCCESS","Confirm delete button in dialog not found"
"2026-09-13 09:50:56","시영(쑥쑥)이와 함께\2016(시영이 태어난 해)\2월","항목 173개","/album/AF1QipPwc8QMaWEreZORSpVu4jfp0J3-hFC2jj49myUk","SUCCESS","Confirm delete button in dialog not found"
"2026-09-13 09:51:04","Desktop\y_Backup_정리필요\김쓕♥\2016 김시영\김쓕_엄마 2016-09-10","항목 1534개","/album/AF1QipO7MRaezgC5tVSW5T70Hw6OrbtJKH9CT8_Z58KM","SUCCESS",""
"2026-09-13 09:51:11","정세라 핸드폰 사진\김쓕♥\2016 김시영\김쓕_엄마 2016-09-10","항목 1534개","/album/AF1QipMylM5QbCavOapf6bGyQOggweIyoj6Tpn_-nsuE","SUCCESS",""
"2026-09-13 09:51:18","시영(쑥쑥)이와 함께\2016(시영이 태어난 해)\10월","항목 1110개","/album/AF1QipMASmF7ubAqVDJCTBzlHdbPpDF9Eq8SrKgKb8x5","SUCCESS",""
"2026-09-13 09:51:25","시영(쑥쑥)이와 함께\2016(시영이 태어난 해)\10월_제주도 여행","항목 1226개","/album/AF1QipPwkq3SvdBu5A8bPqOnZ0t3FEVjE2674KBC0Xs9","SUCCESS",""
"2026-09-13 09:51:32","Desktop\y_Backup_정리필요\김쓕♥\2016 김시영\김쓕_엄마 2016-08~09","항목 685개","/album/AF1QipOrurf1xGBnRwyrJO2xVJnl-9-gd2Uq3mjX7RoA","SUCCESS",""
"2026-09-13 09:51:49","시영(쑥쑥)이와 함께\2016(시영이 태어난 해)\8월","항목 879개","/album/AF1QipMgK2pT6PEii6NNDuAFlFzeFRDUX5GTBm1Q64wU","SUCCESS",""
"2026-09-13 09:52:47","정세라 핸드폰 사진\김쓕♥\2016 김시영\김쓕_엄마 2016-08~09","항목 273개","/album/AF1QipOHnFKo6URhN1MnS8GVg3ft4ZpaY1pXKgnxC8i0","SUCCESS",""
"2026-09-13 09:53:12","Desktop\y_Backup_정리필요\김쓕♥\2016 김시영\김쓕_엄마 2016-07~08","항목 840개","/album/AF1QipNF_uvZunp4tvsVwWGoCsUGLGSX7dkXmmpvjkwt","SUCCESS","Confirm delete button in dialog not found"
"2026-09-13 09:53:28","정세라 핸드폰 사진\김쓕♥\2016 김시영\김쓕_엄마 2016-07~08","항목 299개","/album/AF1QipOoIBYFknS0JUoONr5ZyPDa1R3e-zJumzz5sw12","SUCCESS",""
"2026-09-13 09:53:59","시영(쑥쑥)이와 함께\2016(시영이 태어난 해)\7월","항목 680개","/album/AF1QipNNgAASef-U0RELcIWuLLjmNKBIIiTiGVTWqrcM","SUCCESS","Delete album menuitem not found"
"2026-09-13 09:54:16","정세라 핸드폰 사진\김쓕♥\2016 김시영\김쓕_엄마 2016-07~08","항목 565개","/album/AF1QipMR-y_5pKnM6JR8Tk4X1NGMAQYt6Kuc0zGiJuR3","SUCCESS",""
"2026-09-13 09:54:28","Desktop\y_Backup_정리필요\김쓕♥\2016 김시영\김쓕_엄마 2016-05~06","항목 1248개","/album/AF1QipPLOZ2LKLP3dxl-WenEVwBn_GQbQYVOwHdJbXUu","SUCCESS",""
"2026-09-13 09:54:47","정세라 핸드폰 사진\김쓕♥\2016 김시영\김쓕_엄마 2016-05~06","항목 1250개","/album/AF1QipM0x77Q5saUX62TV3pLcuEYHrEwcImxxzb9Fw0Z","SUCCESS",""
"2026-09-13 09:54:58","시영(쑥쑥)이와 함께\2016(시영이 태어난 해)\6월","항목 796개","/album/AF1QipMPIfQ8a2aFPawZeOdn71Gd5qO8bpN2B35lyLVh","SUCCESS",""
"2026-09-13 09:55:14","아빠엄마\2015\5월_방콕_아빠없음_iPhone","항목 519개","/album/AF1QipOS53cjemk96T-7JqInaWN3gm-9MRnqkU5gFroQ","SUCCESS","Confirm delete button in dialog not found"
"2026-09-13 09:55:22","아빠엄마\2014\5월_웨딩촬영","항목 237개","/album/AF1QipPz4DKlxt1Ggj7xpGJZg9Uz2C_GdXKnvxtk4LYl","SUCCESS",""
"2026-09-13 09:55:35","아빠엄마\2014\12월_강릉여행","항목 135개","/album/AF1QipM-gK2J6jTn3rGG2rVhKOxqj2dRVmO5qW0JRVfJ","SUCCESS",""
"2026-09-13 09:56:06","아빠엄마\2014\9월_보라카이_iPhone","항목 84개","/album/AF1QipP_agBEDXPSvx1OrejhhYvP3oGIDhg7WuNUZ0WL","SUCCESS","Delete album menuitem not found"
"2026-09-13 09:56:23","아빠엄마\2014\6월28일_결혼식","항목 147개","/album/AF1QipPAJMc-YyJD3NoxiK8estUDj9jeQ12kpfv0Yt0D","SUCCESS",""
"2026-09-13 09:56:33","아빠엄마\2014\기타","항목 204개","/album/AF1QipONaqR1taBQb65JG7B_E1BRHDB1TdGnkU097tll","SUCCESS",""
"2026-09-13 09:57:00","아빠엄마\2014\7월_신혼여행_이탈리아_iPhone","항목 515개","/album/AF1QipOBSGDKs3onsdrBDZtOFKy1SzhMY2ZCdpT8PyDY","SUCCESS","Confirm delete button in dialog not found"
"2026-09-13 09:57:11","정세라 핸드폰 사진\아이폰X_2019~2021.11\202107_a","항목 36개","/album/AF1QipPaTgNP7jYlvQDHo8osR3JHjJtruqjbGR0PUHEW","SUCCESS",""
"2026-09-13 09:57:18","정세라 핸드폰 사진\아이폰X_2019~2021.11\202108__","항목 5개","/album/AF1QipN-WT1wPPzrh5rku8LptL6-Oohukig-fsnr8caO","SUCCESS",""
"2026-09-13 09:57:32","정세라 핸드폰 사진\아이폰X_2019~2021.11\202107__","항목 80개","/album/AF1QipPvvUqu5F2HPiGNYt-uMMfOqqyLrnrvNOkhc5RM","SUCCESS","Confirm delete button in dialog not found"
"2026-09-13 09:57:46","정세라 핸드폰 사진\아이폰X_2019~2021.11\202104__","항목 31개","/album/AF1QipNiH7vAOM_beG-YrjLQBL4DizfBH4iO7Va0fUF0","SUCCESS","Confirm delete button in dialog not found"
"2026-09-13 09:57:54","정세라 핸드폰 사진\아이폰X_2019~2021.11\202103_e","항목 2개","/album/AF1QipODWy3Cbu10rCS2UHbmQYwAz6DbFrTBvChJ64by","SUCCESS",""
"2026-09-13 09:58:02","정세라 핸드폰 사진\아이폰X_2019~2021.11\202012_e","항목 42개","/album/AF1QipNuKeMANUsqUQRQl6uoVvamOd95pmV0GmK3gOjs","SUCCESS",""
"2026-09-13 09:58:13","Desktop\WeChat","항목 15개","/album/AF1QipMVNqmm6cu675K72gSrgdPraoKhRWBIjXI9bvkn","SUCCESS",""
"2026-09-13 09:58:27","정세라 핸드폰 사진\아이폰X_2019~2021.11\202006_e","항목 45개","/album/AF1QipMU3r0MA9hr9HbLB_0i-6vDVMEPrQCFqUAqDxBV","SUCCESS","Confirm delete button in dialog not found"
"2026-09-13 09:58:42","정세라 핸드폰 사진\아이폰X_2019~2021.11\198001__","항목 27개","/album/AF1QipNHkGt7y_C5FBAB1Ihnz3mwVZShmFnFehXRE0Om","SUCCESS","Confirm delete button in dialog not found"
"2026-09-13 09:58:53","정세라 핸드폰 사진\아이폰X_2019~2021.11\202003_a","항목 525개","/album/AF1QipOt4TqYSH1ieh1V7XiLPFhmMWncpSejM-kdzHoj","SUCCESS",""
"2026-09-13 09:59:03","정세라 핸드폰 사진\아이폰X_2019~2021.11\202001_c","항목 3개","/album/AF1QipPCxK7eHPm3_RMdXAA9-0z5qodG1wvUp_4Qf-Mq","SUCCESS",""
"2026-09-13 09:59:11","Desktop\2019(아빠 광저우 주재원 1년차)","항목 3개","/album/AF1QipNuT9c87bOHDBiLhMxOov-W07b6taD3sYaNi-E2","SUCCESS",""
"2026-09-13 09:59:25","정세라 핸드폰 사진\아이폰X_2019~2021.11\201910_m","항목 69개","/album/AF1QipPjtybtRyI0mLBjFcBKtuwF0_5jUD4Up53h_Qu-","SUCCESS","Confirm delete button in dialog not found"
"2026-09-13 09:59:39","정세라 핸드폰 사진\아이폰X_2019~2021.11\201910_j","항목 13개","/album/AF1QipOyYnkl4uSStl6B_cDkVWKwzAuzOhxCv3PxmkRq","SUCCESS","Confirm delete button in dialog not found"
"2026-09-13 09:59:45","정세라 핸드폰 사진\아이폰X_2019~2021.11\201910_k","항목 18개","/album/AF1QipPAY437xSf8Fmh3pOYiomtUZ_Q79_bm3_WF95ms","SUCCESS",""
"2026-09-13 09:59:50","정세라 핸드폰 사진\아이폰X_2019~2021.11\201910_l","항목 2개","/album/AF1QipOLx4jIxdm1kyrzS1XyDBFHoUnwO7ygPCli94Ou","SUCCESS",""
"2026-09-13 09:59:57","정세라 핸드폰 사진\아이폰X_2019~2021.11\201910_a","항목 17개","/album/AF1QipOj1Q2Cb5RkBG5Aj7xuT626ikYncPzkuelYifr0","SUCCESS",""
"2026-09-13 10:00:04","정세라 핸드폰 사진\아이폰X_2019~2021.11\201910_b","항목 4개","/album/AF1QipOMWAGNLMdv3CAy-ycRrrZiAyhHuw5F9BVZhKyh","SUCCESS",""
"2026-09-13 10:00:10","정세라 핸드폰 사진\아이폰X_2019~2021.11\201910_c","항목 152개","/album/AF1QipP2WR2_Mq3gr6pIhfkL1RCXsrry_GmCEjMT2mBk","SUCCESS",""
"2026-09-13 10:00:17","정세라 핸드폰 사진\아이폰X_2019~2021.11\201910_h","항목 37개","/album/AF1QipOkTXvT1lcLupId1cn2J60gTV-7W1Y9c1pLcET1","SUCCESS",""
"2026-09-13 10:00:26","정세라 핸드폰 사진\아이폰X_2019~2021.11\201910_d","항목 19개","/album/AF1QipMkIqGSuZbtl_Pq2WbPHnCbBW33EUpunc4Qxr8u","SUCCESS",""
"2026-09-13 10:00:33","정세라 핸드폰 사진\아이폰X_2019~2021.11\201910_e","항목 30개","/album/AF1QipOwJW01mo3Li4L00_e5TtJZd7Mz4hmeuGT_TSLW","SUCCESS",""
"2026-09-13 10:00:40","정세라 핸드폰 사진\아이폰X_2019~2021.11\201910_f","항목 8개","/album/AF1QipP47AAui7U4z0kAjDtfTmGBnN84WWmrhb06nPbf","SUCCESS",""
"2026-09-13 10:00:47","정세라 핸드폰 사진\아이폰X_2019~2021.11\201910_g","항목 11개","/album/AF1QipOgt-sNU3ER7qp7pp8LDSYym3nGJiW7VQZNJxL5","SUCCESS",""
"2026-09-13 10:00:54","Desktop\y_Backup_정리필요\기타_SNS_사진__201910\navercafe","항목 88개","/album/AF1QipN8De0YKsKRyuRh322Z3eEFwgtDdiS1hu4cpvyY","SUCCESS",""
2026-09-13 10:07:27,정세라 핸드폰 사진\김쓕♥\2016 김시영\김쓕_엄마 2016-08~09,항목 396개,/album/AF1QipNRhjBctvEzyCM0elOrB97y9SWghyyLVpwVQ27u,FAILED,Delete album menuitem not found
2026-09-13 10:07:32,Desktop\2018(아빠 복귀했다 다시 주재원),항목 89개,/album/AF1QipNbvL_awVOwlLZN_AfSB-MubCBLX7UzBEohpWTb,ALREADY_DELETED,Already deleted / 404
2026-09-13 10:07:39,Desktop\y_Backup_정리필요\기타_SNS_사진__201910\navercafe,항목 1개,/album/AF1QipPu6I8_n8EpqwKCeOTzJO5GIzi1YwhiQhuVQetR,SUCCESS,
2026-09-13 10:07:44,Desktop\2018(아빠 복귀했다 다시 주재원),항목 1개,/album/AF1QipNn-yM6E-oKYFl8JfVrFtAbY3rQLr4c9ApNCAAZ,SUCCESS,
2026-09-13 10:07:53,Desktop\2019(아빠 광저우 주재원 1년차)\20190910__태국푸켓_가족여행__DJI\PANO_20190911_140117,항목 15개,/album/AF1QipPzjBwxYIP0-6HsgDOGU0Oz3dUfvJ3zG4YuKV2i,SUCCESS,
2026-09-13 10:07:59,Desktop\2019(아빠 광저우 주재원 1년차)\20190910__태국푸켓_가족여행__DJI\PANO_20190911_140001,항목 15개,/album/AF1QipOt9IcSoqQFAlu33fJ1FdKRaz45cc0tEQAfJhrA,SUCCESS,
2026-09-13 10:08:06,Desktop\2019(아빠 광저우 주재원 1년차)\20190910__태국푸켓_가족여행__DJI\PANO_20190911_114855,항목 9개,/album/AF1QipO15tGBkBUGqxywDNKG11-5pqLAZQibg-2YTXJq,SUCCESS,
2026-09-13 10:08:12,Desktop\2019(아빠 광저우 주재원 1년차)\20190706__동관_다녀오는길에_추돌사고,항목 21개,/album/AF1QipPNL6zPIctq-l4T547gIhA62nVBtmq1DsebQi8x,SUCCESS,
2026-09-13 10:08:18,Desktop\y_Backup_정리필요\세라폰_정리중__201910\101APPLE,항목 3개,/album/AF1QipOj9X-BZySjhVuwAFBFkE89UO-SE5y59YWEYC9p,SUCCESS,
2026-09-13 10:08:24,정세라 핸드폰 사진\아이폰X_2019~2021.11\201812__,항목 4개,/album/AF1QipNHMH8zux0czPkiNBLnJDoLVCpSPV4DhEGO6BvY,SUCCESS,
2026-09-13 10:08:30,Desktop\y_Backup_정리필요\기타_SNS_사진__201910\Camera,항목 219개,/album/AF1QipNwBADqltC8YhvUTyXokKJ-_NmlIq34hMm8J7de,SUCCESS,
2026-09-13 10:08:36,정세라 핸드폰 사진\아이폰X_2019~2021.11\201808__,항목 1개,/album/AF1QipNgT8dRmOVxWYUmBZLCNEEGs-y1IvLChs2PP3Fu,SUCCESS,
2026-09-13 10:08:42,Desktop\2017(아빠 광저우 지전가),항목 8097개,/album/AF1QipPEB6uwO_PYtycWUDQw1e89JLGF9Uc09hwAPB_i,SUCCESS,
2026-09-13 10:09:01,"시영(쑥쑥)이와 함께\2018(아빠 복귀했다 다시 주재원)\18년5월25,26일__양양_강원도_여행",항목 2503개,/album/AF1QipNvuRprxalOaTOkQ_83ONObqEhnSvpdZIBL643D,SUCCESS,Delete album menuitem not found
2026-09-13 10:09:09,시영(쑥쑥)이와 함께\2018(아빠 복귀했다 다시 주재원)\20180525-26 속초여행,항목 298개,/album/AF1QipMyBErEuGXnvB04gB8U83LgfZO_2ebk3027LWRE,SUCCESS,
2026-09-13 10:09:31,정세라 핸드폰 사진\아이폰X_2019~2021.11\201805__,항목 136개,/album/AF1QipPYHlW7uN__Ow6IWJh5xb7UdlubexkWQ6wXQuVp,SUCCESS,Delete album menuitem not found
2026-09-13 10:09:55,정세라 핸드폰 사진\김쓕♥\2018 김시영\시영_엄마 03-04,항목 661개,/album/AF1QipPbyzRFnAwQR3o0nfxQjC3Cm5811s-VFJGqYwRi,SUCCESS,Confirm delete button in dialog not found
2026-09-13 10:10:03,정세라 핸드폰 사진\김쓕♥\2018 김시영\시영_엄마 01-02,항목 403개,/album/AF1QipNe4XVjus2kMLErnjCfyO8ZqCfqZK35v4-9waIt,SUCCESS,
2026-09-13 10:10:14,정세라 핸드폰 사진\아이폰X_2019~2021.11\201802__,항목 1개,/album/AF1QipOquOqyUJ6B_Pm-4kG0BDWyKSYnthI0gtRQJUDH,SUCCESS,
2026-09-13 10:10:21,정세라 핸드폰 사진\아이폰X_2019~2021.11\201801__,항목 1개,/album/AF1QipObG7NNfD1Qh7blCb4qUnO5V66MHHx5shGWRlMh,SUCCESS,
2026-09-13 10:10:47,Desktop\2017(아빠 광저우 지전가),항목 368개,/album/AF1QipP7kMkaMR9Qsah1oyVhtdo8qQ5WezysiVzsSOcH,SUCCESS,Delete album menuitem not found
2026-09-13 10:11:07,정세라 핸드폰 사진\아이폰X_2019~2021.11\201712__,항목 23개,/album/AF1QipNRGfbvIkeQEMjYbyb5c0pJ3N_U0ggfFjhT2EdN,SUCCESS,
2026-09-13 10:11:42,정세라 핸드폰 사진\김쓕♥\2017 김시영\시영_엄마 2017-12,항목 316개,/album/AF1QipPDt5Is5BEMSdNs24ib7-90ZagnjxogwPAAZzCp,SUCCESS,Delete album menuitem not found
2026-09-13 10:11:56,Samsung\Region_Specialist\China_Snapshot\0__C9000Pro,항목 348개,/album/AF1QipM4ZmZ9ZcUfsUlM7ERtS60HE9Ha37m8dWzsLiTH,SUCCESS,
2026-09-13 10:12:24,정세라 핸드폰 사진\김쓕♥\2017 김시영\시영_엄마 2017-11,항목 351개,/album/AF1QipOX2P_ulBB2HS1ex05njznERINhaVDTmVsAoK3Z,FAILED,Delete album menuitem not found
2026-09-13 10:12:32,정세라 핸드폰 사진\아이폰X_2019~2021.11\201711__,항목 1개,/album/AF1QipN7aMrN8mtAf1X0Ept4Fg0uVnbAkVBDycRxDgGP,SUCCESS,
2026-09-13 10:12:47,정세라 핸드폰 사진\김쓕♥\2017 김시영\시영_엄마 2017-10,항목 630개,/album/AF1QipPJPYYCQ2P0DDhtXAo88gTfi8i3rcGS5BgmDd1b,SUCCESS,Delete album menuitem not found
2026-09-13 10:12:55,정세라 핸드폰 사진\아이폰X_2019~2021.11\201710__,항목 3개,/album/AF1QipPB_eD5nvdAM5934fEqtdiXvjX8GzHZgniwTsKE,SUCCESS,
2026-09-13 10:13:14,정세라 핸드폰 사진\김쓕♥\2017 김시영\2017-10 카페인신현리 DSLR,항목 100개,/album/AF1QipMtyxOWUdkvz3jeJ779sD5wEzez0Y3MfZ0dHTx7,SUCCESS,Delete album menuitem not found
2026-09-13 10:13:29,정세라 핸드폰 사진\김쓕♥\2017 김시영\시영_엄마 2017-09,항목 352개,/album/AF1QipNrPBxcK1-Lz3RMvOM1a-FaFNrJ6EaYdjUe8csB,SUCCESS,Confirm delete button in dialog not found
2026-09-13 10:13:35,정세라 핸드폰 사진\아이폰X_2019~2021.11\201709__,항목 26개,/album/AF1QipO2ioActNs6QpfgjqB5FxJIVbNBix3FKcL_nKn7,SUCCESS,
2026-09-13 10:13:49,시영(쑥쑥)이와 함께\2017(아빠 광저우 지전가)\20170818-22 세라시영 괌,항목 2737개,/album/AF1QipNewAnNuw9dTjoOHGXUTYKVyjwuFMx1umZ-Ggav,SUCCESS,Delete album menuitem not found
2026-09-13 10:13:58,시영(쑥쑥)이와 함께\2017(아빠 광저우 지전가)\20170914-16 제주도,항목 981개,/album/AF1QipOEmKkxPlbzOYnaBliFIs6jdk-3bvz3ZYMbEPnu,SUCCESS,
2026-09-13 10:14:18,정세라 핸드폰 사진\김쓕♥\2017 김시영\2017-09 덕수궁,항목 92개,/album/AF1QipMaASsUCPIIp6yUYOWOzOvKT4oYbpGNQ5yJPP4U,SUCCESS,Delete album menuitem not found
2026-09-13 10:14:33,정세라 핸드폰 사진\김쓕♥\2017 김시영\시영_엄마 2017-08,항목 123개,/album/AF1QipMFMXh-LaMPmK5kdzM5KR63VpzxHTczI_DD49Fp,SUCCESS,
2026-09-13 10:14:55,정세라 핸드폰 사진\아이폰X_2019~2021.11\201708__,항목 10개,/album/AF1QipMHTsz5oGlFqCeCdaQwj1FE-EDr4CR9eSuNa1B9,SUCCESS,Delete album menuitem not found
2026-09-13 10:15:09,정세라 핸드폰 사진\시영이 신라호텔,항목 53개,/album/AF1QipPu6dU3TqNS-LKFOFpL2zDcQyNEIttSqDoktgBc,SUCCESS,Delete album menuitem not found
2026-09-13 10:15:20,세라 사진\김시영 S7_2017-06~08,항목 612개,/album/AF1QipPNeGW7traILqQd9rlNRPV7ZQS_ZOFKh5JOFDFe,SUCCESS,
2026-09-13 10:15:36,정세라 핸드폰 사진\김쓕♥\2017 김시영\김시영 S7_2017-06~08,항목 1381개,/album/AF1QipN21e9skC6ZpT75XMXGV_o-SyTicxa9FA9EY2qb,SUCCESS,Confirm delete button in dialog not found
2026-09-13 10:15:46,세라 사진\김시영 S7_2017-06~08,항목 833개,/album/AF1QipOewKSzpVn3uCQyL3AEHy2FlZYmGgauC16uJC7Q,SUCCESS,
2026-09-13 10:16:02,정세라 핸드폰 사진\아이폰X_2019~2021.11\201706__,항목 3개,/album/AF1QipNN3Wguyi8x5Gsupwv5-1z690LOQfgB9bEw1RAS,SUCCESS,Delete album menuitem not found
2026-09-13 10:16:09,세라 사진\김시영 S7_2017-05,항목 1414개,/album/AF1QipMoWL_dTs5doRr7aJ6RdVFsxDpu8o8Dti4NuuO3,SUCCESS,
2026-09-13 10:16:20,정세라 핸드폰 사진\김쓕♥\2017 김시영\김시영 S7_2017-05,항목 1416개,/album/AF1QipNc2b5sW3wnjjr3bkbE5f8CeTGXvOmfUrNhWo9a,SUCCESS,
2026-09-13 10:16:39,정세라 핸드폰 사진\아이폰X_2019~2021.11\201705__,항목 15개,/album/AF1QipOHNB-c0LGkEO89G6FFY26-zTFwsnNFhasAC4EX,SUCCESS,
2026-09-13 10:16:55,세라 사진\김시영 S7_2017-03,항목 1076개,/album/AF1QipPL9oSixZltA5ZG3epIEHAfaJIm4RLMo_cz9bVb,SUCCESS,
2026-09-13 10:17:18,세라 사진\김시영 S7_2017-04,항목 636개,/album/AF1QipPiohGd18LQr30h5rOso_9II9xBPNP11SztyDU7,SUCCESS,
2026-09-13 10:17:29,정세라 핸드폰 사진\김쓕♥\2017 김시영\김시영 S7_2017-03,항목 1076개,/album/AF1QipNxp5uPAjP7r1QxMP6wbnF0HvYfYxwNugWeifWo,SUCCESS,
2026-09-13 10:17:37,정세라 핸드폰 사진\김쓕♥\2017 김시영\김시영 S7_2017-04,항목 626개,/album/AF1QipMYf4w1BM2HbyP60c_rRtofW0embq0ZBYS_Mx6B,SUCCESS,
2026-09-13 10:17:44,정세라 핸드폰 사진\아이폰X_2019~2021.11\201703__,항목 2개,/album/AF1QipMh5oHT9QoDjxChrpma7H0Elg6-a5lglqrhVt2r,SUCCESS,
2026-09-13 10:17:51,시영(쑥쑥)이와 함께\2017(아빠 광저우 지전가)\20170126-28 후쿠오카여행,항목 225개,/album/AF1QipN1NpLCHCEr99gB_-5tUo1QP6k2OOjsG3TITwO6,SUCCESS,
2026-09-13 10:18:03,정세라 핸드폰 사진\김쓕♥\2017 김시영\시영_엄마 2017-02,항목 633개,/album/AF1QipOpt-DAWJ9d7-sZN6lN51g51gZaqAa-P99u7sJ2,SUCCESS,
2026-09-13 10:18:27,정세라 핸드폰 사진\아이폰X_2019~2021.11\201702__,항목 1개,/album/AF1QipNX1oX_ONvWtKuPfs_UZ00D37rmzPMydhRJpCPy,SUCCESS,Delete album menuitem not found
2026-09-13 10:18:44,정세라 핸드폰 사진\김쓕♥\2017 김시영\시영_엄마 2017-01,항목 367개,/album/AF1QipM_W7_EECnJWqKc17zlLT7tEUdBHqm-3HPeC-rE,SUCCESS,
2026-09-13 10:18:59,정세라 핸드폰 사진\김쓕♥\2017 김시영\2017-01 신라호텔,항목 48개,/album/AF1QipME7aywGuzD759FXmEwRHVSmihT5fovKzSHtUWu,SUCCESS,
2026-09-13 10:19:13,정세라 핸드폰 사진\김쓕♥\2017 김시영\시영_엄마 2017-01,항목 687개,/album/AF1QipOZ8fFh8pwE7kG-LS8BN9RN4SpmLzm9tW8p9Kq6,SUCCESS,Delete album menuitem not found
2026-09-13 10:19:20,정세라 핸드폰 사진\김쓕♥\2017 김시영\시영이의 돌잔치 20170121,항목 1개,/album/AF1QipOUF4B0aXOtoyE451lOY9I1gBLzmSAsgK1BhawC,SUCCESS,
2026-09-13 10:19:26,정세라 핸드폰 사진\세라 사진,항목 1개,/album/AF1QipMvK5MtA6jwZOGR4xWw6x3YGk5oHdKqGgzUOKlk,SUCCESS,
2026-09-13 10:19:33,정세라 핸드폰 사진\아이폰X_2019~2021.11\201701_h,항목 1개,/album/AF1QipORshS4cCNUm-1bW1qJM-jQXsQQR-jQocZP3WDE,SUCCESS,
2026-09-13 10:19:39,정세라 핸드폰 사진\아이폰X_2019~2021.11\201701_i,항목 1개,/album/AF1QipN7EWLQLLHIDOy9gmTR9p3TLK11DW9JSJ8WcCe0,SUCCESS,
2026-09-13 10:19:51,정세라 핸드폰 사진\아이폰X_2019~2021.11\201701_k,항목 2개,/album/AF1QipOek0DjSYX06Yr4EguUWHjr-7W6iSRHnDy1RZ6M,SUCCESS,Confirm delete button in dialog not found
2026-09-13 10:19:57,정세라 핸드폰 사진\아이폰X_2019~2021.11\201701_l,항목 1개,/album/AF1QipPJL70MKeeQ_ayz9wdAzZQh-MDRW-X6J1wDh1cE,SUCCESS,
2026-09-13 10:20:04,Desktop\y_Backup_정리필요\김쓕♥\2016 김시영\김쓕_엄마 2016-12,항목 549개,/album/AF1QipO79qlosaNbcrJ4rYsWC_ld5ZJlqTjPwQF80tkz,SUCCESS,
2026-09-13 10:20:10,시영(쑥쑥)이와 함께\2016(시영이 태어난 해)\12월,항목 652개,/album/AF1QipP-AUh8I1zDW2EEgslfOdSfp0E3WVWa0q_br0Q6,SUCCESS,
2026-09-13 10:20:17,정세라 핸드폰 사진\김쓕♥\2016 김시영\김쓕_엄마 2016-12,항목 549개,/album/AF1QipNz62gLFOIr-LTNVfUZvyejJn2MFPuqGFkqnC7_,SUCCESS,
2026-09-13 10:20:31,Desktop\2016(시영이 태어난 해)\베이비파스텔성장앨범\16.12.09 김시영 (돌1차),항목 155개,/album/AF1QipOLPr07uvkUzsTAuWT3ZnVvuuFfHXshuwyPbOUa,SUCCESS,Confirm delete button in dialog not found
2026-09-13 10:20:41,Desktop\2016(시영이 태어난 해)\베이비파스텔성장앨범\김시영 10x10-18p 그레이앨범\의상당 4~8컷씩 골라주세용^^\5테마 (4~8컷) 돌,항목 8개,/album/AF1QipOYo_XS6JHV-4S5HNst8-P5lwZrbmvw1vIC4mH6,SUCCESS,
2026-09-13 10:20:48,Desktop\베이비파스텔성장앨범\16.12.09 김시영 (돌1차),항목 155개,/album/AF1QipM0pRqNd0Jz3sHZ4asRpE__ILUDvTYBS7lAFqxF,SUCCESS,
2026-09-13 10:20:55,Desktop\베이비파스텔성장앨범\김시영 10x10-18p 그레이앨범\의상당 4~8컷씩 골라주세용^^\5테마 (4~8컷) 돌,항목 8개,/album/AF1QipPddV5kI5mxPP9TAWi0U-FrTeiYxg9aBeX7MlSM,SUCCESS,
2026-09-13 10:21:01,세라 사진\김시영 성장앨범\김시영.정세라님 (돌 1-2차) 109218\16.12.09 김시영 (돌1차),항목 155개,/album/AF1QipNEzcU9VEcRuWejv3LbRYUoKwtRECYMl8UAx5OJ,SUCCESS,
2026-09-13 10:21:07,시영(쑥쑥)이와 함께\2016(시영이 태어난 해)\베이비파스텔성장앨범\16.12.09 김시영 (돌1차),항목 155개,/album/AF1QipMWk338JBgvx0VtOafGCm172lyIU0qnqdVxlPI_,SUCCESS,
2026-09-13 10:21:14,시영(쑥쑥)이와 함께\2016(시영이 태어난 해)\베이비파스텔성장앨범\김시영 10x10-18p 그레이앨범\의상당 4~8컷씩 골라주세용^^\5테마 (4~8컷) 돌,항목 8개,/album/AF1QipPHRPwVs35smc8skSxki7cm-78-51k7wDYKFiId,SUCCESS,
2026-09-13 10:21:20,정세라 핸드폰 사진\김쓕♥\베이비파스텔성장앨범\16.12.09 김시영 (돌1차),항목 155개,/album/AF1QipNht918UIoOQh6gkvzMOMwqkvzikzc6MMvCji-V,SUCCESS,
2026-09-13 10:21:26,정세라 핸드폰 사진\김쓕♥\베이비파스텔성장앨범\김시영 10x10-18p 그레이앨범\의상당 4~8컷씩 골라주세용^^\5테마 (4~8컷) 돌,항목 8개,/album/AF1QipONrrwLpfAvLfbu9Lf5XPM5aV0ythT1zppMQ3LL,SUCCESS,
2026-09-13 10:21:32,정세라 핸드폰 사진\세라 사진\김시영 성장앨범\김시영.정세라님 (돌 1-2차) 109218\16.12.09 김시영 (돌1차),항목 155개,/album/AF1QipOCwn5jSMiswl1MHmuGb9-K9NrJhvGWoenovRDa,SUCCESS,
2026-09-13 10:21:39,Desktop\2016(시영이 태어난 해)\베이비파스텔성장앨범\김시영 10x10-18p 그레이앨범\의상당 4~8컷씩 골라주세용^^\라스트 9컷,항목 10개,/album/AF1QipO2g6_fKKo6g5o0i7BJyqXFEYKm1MU-6AhB_uwH,SUCCESS,
2026-09-13 10:21:52,Desktop\베이비파스텔성장앨범\김시영 10x10-18p 그레이앨범\의상당 4~8컷씩 골라주세용^^\라스트 9컷,항목 10개,/album/AF1QipNnnoW9kaSXXugP5-VeaysxC04QOWHszjhd5lUj,SUCCESS,Confirm delete button in dialog not found
2026-09-13 10:21:58,시영(쑥쑥)이와 함께\2016(시영이 태어난 해)\베이비파스텔성장앨범\김시영 10x10-18p 그레이앨범\의상당 4~8컷씩 골라주세용^^\라스트 9컷,항목 10개,/album/AF1QipO_C191UjbIpj7sg5DNjesy35OjBPFYEuKc2_ZW,SUCCESS,
2026-09-13 10:22:04,정세라 핸드폰 사진\김쓕♥\베이비파스텔성장앨범\김시영 10x10-18p 그레이앨범\의상당 4~8컷씩 골라주세용^^\라스트 9컷,항목 10개,/album/AF1QipPB8h4FPrCs627k9FIrTDgjpdA7bxP1aZdnQIr3,SUCCESS,
2026-09-13 10:22:10,Desktop\2016(시영이 태어난 해)\베이비파스텔성장앨범\김시영 10x10-18p 그레이앨범\의상당 4~8컷씩 골라주세용^^\8테마 (4~8컷) 가족,항목 5개,/album/AF1QipMIgipou9BmFNhhgc4NK0kGh-mBUvlUuF58GUyo,SUCCESS,
2026-09-13 10:22:15,Desktop\베이비파스텔성장앨범\김시영 10x10-18p 그레이앨범\의상당 4~8컷씩 골라주세용^^\8테마 (4~8컷) 가족,항목 5개,/album/AF1QipND1hPvC2zN6S-HrhiQdtP3oHWO3toH_nsuHlKF,SUCCESS,
2026-09-13 10:22:21,시영(쑥쑥)이와 함께\2016(시영이 태어난 해)\베이비파스텔성장앨범\김시영 10x10-18p 그레이앨범\의상당 4~8컷씩 골라주세용^^\8테마 (4~8컷) 가족,항목 5개,/album/AF1QipN8r6VTT5boOiAjn9TBF-uSTrIch4c1be-h1yzg,SUCCESS,
2026-09-13 10:22:27,정세라 핸드폰 사진\김쓕♥\베이비파스텔성장앨범\김시영 10x10-18p 그레이앨범\의상당 4~8컷씩 골라주세용^^\8테마 (4~8컷) 가족,항목 5개,/album/AF1QipO6EVHfwihM5Gx610uFKo8egatGuN2kRl3nRzIH,SUCCESS,
2026-09-13 10:22:34,Desktop\2016(시영이 태어난 해)\베이비파스텔성장앨범\액자담는곳\2) 11x14 하모니 1개 - 1컷,항목 1개,/album/AF1QipOeNY7hp39wNAeGFHF8_zh4iZhxwvIwRY_MogyK,SUCCESS,
2026-09-13 10:22:40,Desktop\베이비파스텔성장앨범\액자담는곳\2) 11x14 하모니 1개 - 1컷,항목 1개,/album/AF1QipP9ZTXNVeOAij3rg1N7Cu2Vg1AWhjfQtJwj1f5_,SUCCESS,
2026-09-13 10:22:45,시영(쑥쑥)이와 함께\2016(시영이 태어난 해)\베이비파스텔성장앨범\액자담는곳\2) 11x14 하모니 1개 - 1컷,항목 1개,/album/AF1QipMLyNICkdPMtkKU3YCWRwqrTqICivRHKimOPJ1M,SUCCESS,
2026-09-13 10:22:51,정세라 핸드폰 사진\김쓕♥\베이비파스텔성장앨범\액자담는곳\2) 11x14 하모니 1개 - 1컷,항목 2개,/album/AF1QipMRCpyErDHncIzM-WEnt4k02lQdhMKzHiPbDtmv,SUCCESS,
2026-09-13 10:22:57,Desktop\2016(시영이 태어난 해)\베이비파스텔성장앨범\16.12.09 김시영 돌 2차,항목 109개,/album/AF1QipOb3P6jEGj6dQIMtj_p8E4hf5T5aZd0W4I7BRdH,SUCCESS,
2026-09-13 10:23:09,Desktop\베이비파스텔성장앨범\16.12.09 김시영 (돌2차),항목 109개,/album/AF1QipOQZ9n7ax0__hjxvPGiHPgKuA9yrm7BvJdefrVe,SUCCESS,Confirm delete button in dialog not found
2026-09-13 10:23:15,세라 사진\김시영 성장앨범\김시영.정세라님 (돌 1-2차) 109218\16.12.09 김시영 돌 2차,항목 109개,/album/AF1QipOtI49vc-raVmN3AdMutjsWFXk_PO0fwurswPhK,SUCCESS,
2026-09-13 10:23:21,시영(쑥쑥)이와 함께\2016(시영이 태어난 해)\베이비파스텔성장앨범\16.12.09 김시영 돌 2차,항목 109개,/album/AF1QipPvHqFiXMmmdWfWMqX0jqoAl4GTuNMnSYQ2_X1V,SUCCESS,
2026-09-13 10:23:34,정세라 핸드폰 사진\김쓕♥\베이비파스텔성장앨범\16.12.09 김시영 돌 2차,항목 109개,/album/AF1QipPzXeBTmIzQMRkygXwE_tk09CnUUmI93MNGCCEC,SUCCESS,
2026-09-13 10:23:41,정세라 핸드폰 사진\세라 사진\김시영 성장앨범\김시영.정세라님 (돌 1-2차) 109218\16.12.09 김시영 돌 2차,항목 109개,/album/AF1QipPG9w7q-kOlWkYE4-rj_bxqf_CiVjnSYQKy2rNr,SUCCESS,
2026-09-13 10:23:46,Desktop\2016(시영이 태어난 해)\베이비파스텔성장앨범\액자담는곳\3) 8x8 하모니 1개 - 1컷,항목 1개,/album/AF1QipPRiFoFMIxEJ90lstJVCXau1smVp00h7JKkcgvA,SUCCESS,
2026-09-13 10:23:52,Desktop\베이비파스텔성장앨범\액자담는곳\3) 8x8 하모니 1개 - 1컷,항목 1개,/album/AF1QipOaykF9tmkxmv-1-xX7F3Zj5eShrd4LKGh38vhj,SUCCESS,
2026-09-13 10:23:58,시영(쑥쑥)이와 함께\2016(시영이 태어난 해)\베이비파스텔성장앨범\액자담는곳\3) 8x8 하모니 1개 - 1컷,항목 1개,/album/AF1QipNYHtdDHEoyJraiBUg32gOvjP03M37Xn69ry7zG,SUCCESS,
2026-09-13 10:24:03,정세라 핸드폰 사진\김쓕♥\베이비파스텔성장앨범\액자담는곳\3) 8x8 하모니 1개 - 1컷,항목 2개,/album/AF1QipOAOYPT7-Uidi5n9Ue5jAB0pQPWgHvU4tsNh9kj,SUCCESS,
2026-09-13 10:24:09,Desktop\2016(시영이 태어난 해)\베이비파스텔성장앨범\김시영 10x10-18p 그레이앨범\의상당 4~8컷씩 골라주세용^^\6테마 (4~8컷) 돌,항목 5개,/album/AF1QipMo_7LOK-mznpIpjy-OZlzjn33GROrR3igWLzoA,SUCCESS,
2026-09-13 10:24:15,Desktop\베이비파스텔성장앨범\김시영 10x10-18p 그레이앨범\의상당 4~8컷씩 골라주세용^^\6테마 (4~8컷) 돌,항목 5개,/album/AF1QipPhYVF8O7Sp8iZnWHtBkM5gUptEut84Sdf9HdGp,SUCCESS,
2026-09-13 10:24:20,시영(쑥쑥)이와 함께\2016(시영이 태어난 해)\베이비파스텔성장앨범\김시영 10x10-18p 그레이앨범\의상당 4~8컷씩 골라주세용^^\6테마 (4~8컷) 돌,항목 5개,/album/AF1QipOh6zIdRtrOi4W04Md6a_Bseg0iCB5dsTRjlwF5,SUCCESS,
2026-09-13 10:24:26,정세라 핸드폰 사진\김쓕♥\베이비파스텔성장앨범\김시영 10x10-18p 그레이앨범\의상당 4~8컷씩 골라주세용^^\6테마 (4~8컷) 돌,항목 5개,/album/AF1QipOx89L0ccpMq-kt4xf3FAxZa1jOjGDNH_BuNEav,SUCCESS,
2026-09-13 10:24:32,Desktop\y_Backup_정리필요\김쓕♥\2016 김시영\김쓕_엄마 2016-10~11,항목 877개,/album/AF1QipPOcoKsTvHnwkShpoXojCWGDwrNaN03Yu6-TB29,SUCCESS,
2026-09-13 10:24:39,정세라 핸드폰 사진\김쓕♥\2016 김시영\김쓕_엄마 2016-10~11,항목 877개,/album/AF1QipNWYGZII8KI3ZCMYNQuCR6vN989tlWel2-qXDTs,SUCCESS,
2026-09-13 10:24:45,시영(쑥쑥)이와 함께\2016(시영이 태어난 해)\11월,항목 774개,/album/AF1QipPpXSmrQdpyiJsdWpl5EzH3PcKsN0WtSZas6vdb,SUCCESS,
2026-09-13 10:24:52,정세라 핸드폰 사진\아이폰X_2019~2021.11\201610__,항목 9개,/album/AF1QipPsYtozV0yBL88bHE1_l0O0FvKfKiHL86-JIUV6,SUCCESS,
2026-09-13 10:25:06,시영(쑥쑥)이와 함께\2016(시영이 태어난 해)\9월,항목 44개,/album/AF1QipN7Llk-3qsIEfa_I4eBp8AVrDXfHWTtH4G55Xa7,SUCCESS,
2026-09-13 10:25:17,시영(쑥쑥)이와 함께\2016(시영이 태어난 해)\9월,항목 662개,/album/AF1QipMjBcCYFhZ2Nf1VNeQh4QgH1xcGcy3ygJ5aiJW0,SUCCESS,
2026-09-13 10:25:23,Desktop\y_Backup_정리필요\김쓕♥\2016 김시영\김쓕_엄마 2016-08~09,항목 84개,/album/AF1QipM-75_0ArWKGpkIypocEA6Yjl3KAvuOQ9J__Pu1,SUCCESS,
2026-09-13 10:25:30,시영(쑥쑥)이와 함께\2016(시영이 태어난 해)\베이비파스텔성장앨범\액자담는곳\4) 6x8 엣지아크섹 2개 - 2컷 (맘스초이스),항목 2개,/album/AF1QipNOksFn9b3g5Q5ZwMXQdtaCrYqkfu-uud-V3nSu,SUCCESS,
2026-09-13 10:25:36,정세라 핸드폰 사진\김쓕♥\베이비파스텔성장앨범\액자담는곳\4) 6x8 엣지아크섹 2개 - 2컷 (맘스초이스),항목 2개,/album/AF1QipMsHwdHuoYNTCV1TXiB_gDWS8arJ37PLSRdMgwG,SUCCESS,
2026-09-13 10:25:41,정세라 핸드폰 사진\김쓕♥\2016 김시영\김쓕_엄마 2016-08~09,항목 100개,/album/AF1QipMZ8HTzgyosN-y_NJMPXNz3lbOsTySYhLc95KC2,SUCCESS,
2026-09-13 10:25:48,정세라 핸드폰 사진\아이폰X_2019~2021.11\201608__,항목 13개,/album/AF1QipOHBZKwA2ylzXDjJ-UHtoXVHFE-1aVTO_Umu3NI,SUCCESS,
2026-09-13 10:25:53,시영(쑥쑥)이와 함께\2016(시영이 태어난 해)\8월,항목 1개,/album/AF1QipMwxCVNRruno7Oik-W09S8RvUJpDWwtQPOTCLh1,SUCCESS,
2026-09-13 10:25:59,Desktop\y_Backup_정리필요\김쓕♥\2016 김시영\김쓕_엄마 2016-07~08,항목 24개,/album/AF1QipN_5zbyA64cDl4q9NestgLebENn1CbeiwH56IOJ,SUCCESS,
2026-09-13 10:26:05,정세라 핸드폰 사진\아이폰X_2019~2021.11\201606__,항목 9개,/album/AF1QipNk4QPIvO41yb1Zfrag-GxQy0adgwd6zk5KyGOu,SUCCESS,
2026-09-13 10:26:11,Desktop\2016(시영이 태어난 해)\베이비파스텔성장앨범\김시영 10x10-18p 그레이앨범\의상당 4~8컷씩 골라주세용^^\4테마 (4~8컷) 100일,항목 8개,/album/AF1QipOlWkshKj6IYAEhamWox6vEFMAceuWRT3nHgwF3,SUCCESS,
2026-09-13 10:26:16,Desktop\베이비파스텔성장앨범\김시영 10x10-18p 그레이앨범\의상당 4~8컷씩 골라주세용^^\4테마 (4~8컷) 100일,항목 8개,/album/AF1QipPVqBz60khYkgZSrmkCJmGOLBM0MlGwW6Wk-ZvV,SUCCESS,
2026-09-13 10:26:23,시영(쑥쑥)이와 함께\2016(시영이 태어난 해)\베이비파스텔성장앨범\김시영 10x10-18p 그레이앨범\의상당 4~8컷씩 골라주세용^^\4테마 (4~8컷) 100일,항목 8개,/album/AF1QipP8fxqpmjClIRY-WcPt6kOoSksC9JyrJjz-BCBz,SUCCESS,
2026-09-13 10:26:30,정세라 핸드폰 사진\김쓕♥\베이비파스텔성장앨범\김시영 10x10-18p 그레이앨범\의상당 4~8컷씩 골라주세용^^\4테마 (4~8컷) 100일,항목 8개,/album/AF1QipMPsjlZZ6IrxrxmJJ7ZqZewyEh7LZzApeZCOOxz,SUCCESS,
2026-09-13 10:26:37,시영(쑥쑥)이와 함께\2016(시영이 태어난 해)\베이비파스텔성장앨범\16.06.03 김시영 (100일),항목 100개,/album/AF1QipNfZmnv7y_nnCq6gr-VPknmVHbbdrolRa8_R6rS,SUCCESS,
2026-09-13 10:26:43,Desktop\2016(시영이 태어난 해)\베이비파스텔성장앨범\액자담는곳\1) 10x10 하모니 1개 - 1컷,항목 1개,/album/AF1QipMtC_OZC7_cQOMYlkx54d1h2brxM2mWR8x4vW9o,SUCCESS,
2026-09-13 10:26:50,Desktop\베이비파스텔성장앨범\액자담는곳\1) 10x10 하모니 1개 - 1컷,항목 1개,/album/AF1QipOmTLYmvTjolJhgOyhgresSF5J1U6rPXQ70sqi7,SUCCESS,
2026-09-13 10:26:59,시영(쑥쑥)이와 함께\2016(시영이 태어난 해)\베이비파스텔성장앨범\액자담는곳\1) 10x10 하모니 1개 - 1컷,항목 1개,/album/AF1QipPGzjNctXwU7TiPjgNpENCQ3sNDkMzkUmYJgZ7t,SUCCESS,
2026-09-13 10:27:10,정세라 핸드폰 사진\김쓕♥\베이비파스텔성장앨범\액자담는곳\1) 10x10 하모니 1개 - 1컷,항목 2개,/album/AF1QipM70gp1sgwJd0hF0IqXjf8rtwHesm1QCyjkBuKz,SUCCESS,
2026-09-13 10:27:16,Desktop\2016(시영이 태어난 해)\베이비파스텔성장앨범\김시영 10x10-18p 그레이앨범\의상당 4~8컷씩 골라주세용^^\3테마 (4~8컷) 100일,항목 7개,/album/AF1QipMYKkfo0vNg9bZk8i6OpwNf7yqvu5aKx2Y3NpK6,SUCCESS,
2026-09-13 10:27:22,Desktop\베이비파스텔성장앨범\김시영 10x10-18p 그레이앨범\의상당 4~8컷씩 골라주세용^^\3테마 (4~8컷) 100일,항목 7개,/album/AF1QipMLBgvF-M0nFhPiLTilaLewx_dBzuDf-YRqx1oq,SUCCESS,
2026-09-13 10:27:30,시영(쑥쑥)이와 함께\2016(시영이 태어난 해)\베이비파스텔성장앨범\김시영 10x10-18p 그레이앨범\의상당 4~8컷씩 골라주세용^^\3테마 (4~8컷) 100일,항목 7개,/album/AF1QipMcmua5DXJqNjBnYNoQQVo3fVjaD_-VMPXvCGy1,SUCCESS,
2026-09-13 10:27:36,정세라 핸드폰 사진\김쓕♥\베이비파스텔성장앨범\김시영 10x10-18p 그레이앨범\의상당 4~8컷씩 골라주세용^^\3테마 (4~8컷) 100일,항목 7개,/album/AF1QipMslHi1ys8ccVEu8xp_gE0HCN04bPbrGlS54O-V,SUCCESS,
2026-09-13 10:27:42,Desktop\2016(시영이 태어난 해)\6월3일_파스텔(100일)\스케치,항목 19개,/album/AF1QipMBmbh70s0BzwqHD7iCge6-nVrAzPmy2HSsTljc,SUCCESS,
2026-09-13 10:27:48,Desktop\2016(시영이 태어난 해)\베이비파스텔성장앨범\16.06.03 김시영 (100일)\스케치,항목 19개,/album/AF1QipNw3K6Wh7t99kCZYORdVFytqQIAXrLMtjREHNer,SUCCESS,
2026-09-13 10:27:54,Desktop\베이비파스텔성장앨범\16.06.03 김시영 (100일)\스케치,항목 19개,/album/AF1QipNQuRnxeoBd5iCKh4plZHZbtRx-xS_UvNSocuPz,SUCCESS,
2026-09-13 10:28:07,세라 사진\김시영 성장앨범\김시영.정세라님 (100일) 109218\16.06.03 김시영 (100일)\스케치,항목 19개,/album/AF1QipPJEv0i4CcslTnlEuuBEx7aF6UZPfi7md-xWoFW,SUCCESS,Confirm delete button in dialog not found
2026-09-13 10:28:13,시영(쑥쑥)이와 함께\2016(시영이 태어난 해)\6월\6월3일_파스텔(100일)\스케치,항목 19개,/album/AF1QipNkXuBdOIIE97djgnL7rGxGCEGhPZ7lv_4gg6iO,SUCCESS,
2026-09-13 10:28:19,시영(쑥쑥)이와 함께\2016(시영이 태어난 해)\베이비파스텔성장앨범\16.06.03 김시영 (100일)\스케치,항목 19개,/album/AF1QipMb3VaXOSbOU1ML_DS_zrBzIsUuciO0LNPyopj7,SUCCESS,
2026-09-13 10:28:25,정세라 핸드폰 사진\김쓕♥\베이비파스텔성장앨범\16.06.03 김시영 (100일)\스케치,항목 19개,/album/AF1QipPjPDAE4ReaXP46LkTZTQ6f-WYofthOJZPdmw7_,SUCCESS,
2026-09-13 10:28:31,정세라 핸드폰 사진\세라 사진\김시영 성장앨범\김시영.정세라님 (100일) 109218\16.06.03 김시영 (100일)\스케치,항목 19개,/album/AF1QipMwX76X6YjOABjPFouzzc5fmJvT-fQuYxoMSqVi,SUCCESS,
2026-09-13 10:28:38,Desktop\2016(시영이 태어난 해)\베이비파스텔성장앨범\김시영 10x10-18p 그레이앨범\의상당 4~8컷씩 골라주세용^^\7테마 (4~8컷) 더담고싶은테마 ★꼭넣어주세요,항목 7개,/album/AF1QipM_aEnG7f92EDUeciILlrW7jMzVqH6kzSgNQYPS,SUCCESS,
2026-09-13 10:28:44,Desktop\베이비파스텔성장앨범\김시영 10x10-18p 그레이앨범\의상당 4~8컷씩 골라주세용^^\7테마 (4~8컷) 더담고싶은테마 ★꼭넣어주세요,항목 7개,/album/AF1QipPZJtOuWCJV3jyuax1ZM09CPcA-Ne2KVZWZeWNz,SUCCESS,
2026-09-13 10:28:50,시영(쑥쑥)이와 함께\2016(시영이 태어난 해)\베이비파스텔성장앨범\김시영 10x10-18p 그레이앨범\의상당 4~8컷씩 골라주세용^^\7테마 (4~8컷) 더담고싶은테마 ★꼭넣어주세요,항목 7개,/album/AF1QipNtknrFF98ENmUQxFMr4fJu3TyLWAkr7bkz0-h0,SUCCESS,
2026-09-13 10:28:56,정세라 핸드폰 사진\김쓕♥\베이비파스텔성장앨범\김시영 10x10-18p 그레이앨범\의상당 4~8컷씩 골라주세용^^\7테마 (4~8컷) 더담고싶은테마 ★꼭넣어주세요,항목 7개,/album/AF1QipPt_i9FFvBPbLI0PuX_sqIcVe95qobatkzf-kt6,SUCCESS,
2026-09-13 10:29:04,시영(쑥쑥)이와 함께\2016(시영이 태어난 해)\5월_2(이후 갤럭시7촬영),항목 204개,/album/AF1QipPJvtFy7_B_VWDh-TDvLHH0ioEKTD-3WClNre6l,SUCCESS,
2026-09-13 10:29:10,정세라 핸드폰 사진\아이폰X_2019~2021.11\201605__,항목 8개,/album/AF1QipPtD-3fzFNEmZMPB0PBDoC7Qlk6CdmBAP3cv-fH,SUCCESS,
2026-09-13 10:29:28,Desktop\2016(시영이 태어난 해),항목 283개,/album/AF1QipP4YMstBNJpgH-VZylfpPtRvn29_qC3FWRmoWYh,SUCCESS,Delete album menuitem not found
2026-09-13 10:29:51,시영(쑥쑥)이와 함께\2016(시영이 태어난 해)\5월_1(이상 iPhone촬영)\5월8일_100일__DSLR,항목 164개,/album/AF1QipN-hILdTsbbAPyKn-z4io0tmqy295EnM3WCbFGL,SUCCESS,Confirm delete button in dialog not found
2026-09-13 10:29:56,시영(쑥쑥)이와 함께\2016(시영이 태어난 해)\5월_1(이상 iPhone촬영)\5월_삼성사업장OPEN_나들이__DSLR,항목 17개,/album/AF1QipMUR8IeVtJj9NTjojgNPV3bfH6ISe2u-hnTQhQD,SUCCESS,
2026-09-13 10:30:04,아빠엄마\2014\6월_결혼준비,항목 38개,/album/AF1QipM6j9HFDVZEKYOwe3sPsGYy8Zn1dPHRH1VvT4TS,SUCCESS,
2026-09-13 10:30:11,Desktop\2016(시영이 태어난 해)\베이비파스텔성장앨범\16.03.30 김시영 (50일),항목 91개,/album/AF1QipONb1lhZ8Na2CVpCefmapTeBFQGhTzaSs94m9YO,SUCCESS,
2026-09-13 10:30:17,"Desktop\2016(시영이 태어난 해)\베이비파스텔성장앨범\김시영 10x10-18p 그레이앨범\의상당 4~8컷씩 골라주세용^^\1테마 (4~8컷) 50일 (손,발 이미지포함)",항목 9개,/album/AF1QipPUD76KwRwqHiXlirFkxwqq4Xbn0h9BB5sNpo4q,SUCCESS,
2026-09-13 10:30:25,Desktop\베이비파스텔성장앨범\16.03.30 김시영 (50일),항목 91개,/album/AF1QipPvAFUrY2sYKGMUVJUd-g3XAuZqulcJF--uTNhe,SUCCESS,
2026-09-13 10:30:30,"Desktop\베이비파스텔성장앨범\김시영 10x10-18p 그레이앨범\의상당 4~8컷씩 골라주세용^^\1테마 (4~8컷) 50일 (손,발 이미지포함)",항목 9개,/album/AF1QipOs1kmk2rLA4KCbP2DRTO6CTJw75iTxjNv0wrU6,SUCCESS,
2026-09-13 10:30:36,세라 사진\김시영 성장앨범\16.03.30 김시영 50일,항목 90개,/album/AF1QipPSS1i9N2AUm7yaHXa2AJ6aZ4zzq5tuY25gNSaD,SUCCESS,
2026-09-13 10:30:44,시영(쑥쑥)이와 함께\2016(시영이 태어난 해)\베이비파스텔성장앨범\16.03.30 김시영 (50일),항목 41개,/album/AF1QipOvJXWMMNJJCbAl6VFcLt-sNzLnd6XpKuzpdPio,SUCCESS,
2026-09-13 10:30:50,"시영(쑥쑥)이와 함께\2016(시영이 태어난 해)\베이비파스텔성장앨범\김시영 10x10-18p 그레이앨범\의상당 4~8컷씩 골라주세용^^\1테마 (4~8컷) 50일 (손,발 이미지포함)",항목 9개,/album/AF1QipODq3eSIPQB1n9NpFvcUx8ep5OsgcQxSoP5Y2Ow,SUCCESS,
2026-09-13 10:30:56,정세라 핸드폰 사진\김쓕♥\베이비파스텔성장앨범\16.03.30 김시영 (50일),항목 91개,/album/AF1QipNk3QaXYfJ3UNgs7JSfF0Ms3pYC5-6NSz1ihMY_,SUCCESS,
2026-09-13 10:31:02,"정세라 핸드폰 사진\김쓕♥\베이비파스텔성장앨범\김시영 10x10-18p 그레이앨범\의상당 4~8컷씩 골라주세용^^\1테마 (4~8컷) 50일 (손,발 이미지포함)",항목 9개,/album/AF1QipNJofsx3xEcXs1aj76Cs8XxDX8WW0WDWpCgGdV4,SUCCESS,
2026-09-13 10:31:08,정세라 핸드폰 사진\세라 사진\김시영 성장앨범\16.03.30 김시영 50일,항목 90개,/album/AF1QipOTOY-8vni0lxkRlPJ6DK2aakJKZu9SaTdnQlQQ,SUCCESS,
2026-09-13 10:31:20,Desktop\2016(시영이 태어난 해)\베이비파스텔성장앨범\김시영 10x10-18p 그레이앨범\의상당 4~8컷씩 골라주세용^^\0. 첫장 1컷,항목 1개,/album/AF1QipMiO9DaarasrEx6q-Z8ELAUdi-MsuGw-kNRH68S,SUCCESS,Confirm delete button in dialog not found
2026-09-13 10:31:28,Desktop\2016(시영이 태어난 해)\베이비파스텔성장앨범\액자담는곳\4) 6x8 엣지아크섹 2개 - 2컷 (맘스초이스),항목 1개,/album/AF1QipM1aiYy3oEncMdWSpowzyc-G5AbSk1nZkV50Oy2,SUCCESS,
2026-09-13 10:31:37,Desktop\2016(시영이 태어난 해)\베이비파스텔성장앨범\액자담는곳\5) 8x8 모던데코 1개 - 1컷 (평일액자),항목 1개,/album/AF1QipOUQXjGyBv1DHtbcSVL47EM9mvIixh-K4Yp3-uS,SUCCESS,
2026-09-13 10:31:43,Desktop\베이비파스텔성장앨범\김시영 10x10-18p 그레이앨범\의상당 4~8컷씩 골라주세용^^\0. 첫장 1컷,항목 1개,/album/AF1QipPeVo-KLDBD0ptCPnqLPrL30Tv2OKx54l7GdW78,SUCCESS,
2026-09-13 10:31:49,Desktop\베이비파스텔성장앨범\액자담는곳\4) 6x8 엣지아크섹 2개 - 2컷 (맘스초이스),항목 1개,/album/AF1QipP2Us81Sj3DyZRUSz4i5IisubL2LjNmYpdRinwp,SUCCESS,
2026-09-13 10:31:55,Desktop\베이비파스텔성장앨범\액자담는곳\5) 8x8 모던데코 1개 - 1컷 (평일액자),항목 1개,/album/AF1QipNrDwDEFfz0uW7osNPDtdQRzu-BAS4pyT9EA4eI,SUCCESS,
2026-09-13 10:32:00,시영(쑥쑥)이와 함께\2016(시영이 태어난 해)\베이비파스텔성장앨범\김시영 10x10-18p 그레이앨범\의상당 4~8컷씩 골라주세용^^\0. 첫장 1컷,항목 1개,/album/AF1QipNsdYiqTmyFZ0VzpZnVKPpIPopYcIyXbqC1KT-O,SUCCESS,
2026-09-13 10:32:06,시영(쑥쑥)이와 함께\2016(시영이 태어난 해)\베이비파스텔성장앨범\액자담는곳\5) 8x8 모던데코 1개 - 1컷 (평일액자),항목 1개,/album/AF1QipP9_d0h_0ftPXEc6cPEjcEBIfzAxzlRMxPwH6Ot,SUCCESS,
2026-09-13 10:32:11,정세라 핸드폰 사진\김쓕♥\베이비파스텔성장앨범\김시영 10x10-18p 그레이앨범\의상당 4~8컷씩 골라주세용^^\0. 첫장 1컷,항목 1개,/album/AF1QipOAupgemyxhCWd3Vl0-l3gwrLe1kQBovQWL8XWb,SUCCESS,
2026-09-13 10:32:17,정세라 핸드폰 사진\김쓕♥\베이비파스텔성장앨범\액자담는곳\5) 8x8 모던데코 1개 - 1컷 (평일액자),항목 2개,/album/AF1QipOUz9Laa14G2UlEuYwzRifoMjR7U7wqdOMYtLH4,SUCCESS,
2026-09-13 10:32:23,시영(쑥쑥)이와 함께\2016(시영이 태어난 해)\베이비파스텔성장앨범\16.03.30 김시영 (50일),항목 50개,/album/AF1QipOnlbLiw4FANGx0OguC7oj2V9r8AGcN-9WPGkxG,SUCCESS,
2026-09-13 10:32:35,Desktop\2016(시영이 태어난 해)\베이비파스텔성장앨범\김시영 10x10-18p 그레이앨범\의상당 4~8컷씩 골라주세용^^\2테마 (4~8컷) 50일,항목 7개,/album/AF1QipO9GVZSjxebb0R372DGILtG9YR1O5Htu4d3rFz_,SUCCESS,Confirm delete button in dialog not found
2026-09-13 10:32:40,Desktop\베이비파스텔성장앨범\김시영 10x10-18p 그레이앨범\의상당 4~8컷씩 골라주세용^^\2테마 (4~8컷) 50일,항목 7개,/album/AF1QipMGNCYVK8uM8xxH85YA-dT8rpNteMaUubT5EKHt,SUCCESS,
2026-09-13 10:32:46,시영(쑥쑥)이와 함께\2016(시영이 태어난 해)\베이비파스텔성장앨범\김시영 10x10-18p 그레이앨범\의상당 4~8컷씩 골라주세용^^\2테마 (4~8컷) 50일,항목 7개,/album/AF1QipMXJND2_YM-sYO2Pd9jCOROIxnUj07ER3auq4GA,SUCCESS,
2026-09-13 10:32:52,정세라 핸드폰 사진\김쓕♥\베이비파스텔성장앨범\김시영 10x10-18p 그레이앨범\의상당 4~8컷씩 골라주세용^^\2테마 (4~8컷) 50일,항목 7개,/album/AF1QipMMj7ZGg2nQIVq8cYgHjx6p_iT-6ZjUdNn3mM-U,SUCCESS,
2026-09-13 10:32:58,정세라 핸드폰 사진\아이폰X_2019~2021.11\201603__,항목 2개,/album/AF1QipP1VFjY8vfFQxBmztkQzH3htizwh4sy9shzXOKM,SUCCESS,
2026-09-13 10:33:04,시영(쑥쑥)이와 함께\2016(시영이 태어난 해)\2월\2월_조리원__DSLR,항목 45개,/album/AF1QipMDCoN4ncV8vw0uJlx6LENDwjSN33igR32CCtkO,SUCCESS,
2026-09-13 10:33:09,Desktop\2016(시영이 태어난 해)_test_diag,항목 1개,/album/AF1QipN0NgrRjDuqxqRKA462UQIBmWnxo0hIWwWPqYaH,SUCCESS,
2026-09-13 10:33:15,Desktop\2016(시영이 태어난 해)_test_diag,항목 1개,/album/AF1QipNnvMKPOwJK0qqtFTFQZuqdCqqWO5LnFKxiYkfE,SUCCESS,
2026-09-13 10:33:21,Desktop\2016(시영이 태어난 해),항목 1개,/album/AF1QipO_yBbgfEAeSbE2pZiN2FZkgMvWn2LQBY2xqbzD,SUCCESS,
2026-09-13 10:33:27,시영(쑥쑥)이와 함께\2015(쑥쑥이 엄마 뱃속에서),항목 34개,/album/AF1QipOKqdbToc43GFLxhqOw90XI_F59r7tvXApqNg-t,SUCCESS,
2026-09-13 10:33:47,세라 사진\홍콩여행 ~2014.2.17\비둘기,항목 36개,/album/AF1QipM42nRlTbo3m_enPSSKHQhx15vxI8pe6OEjuKE8,SUCCESS,
2026-09-13 10:34:04,정세라 핸드폰 사진\세라 사진\홍콩여행 ~2014.2.17\비둘기,항목 36개,/album/AF1QipN_mCl1RUioM98w6hJLH6_gP75SXIWFxCal6egi,SUCCESS,Delete album menuitem not found
2026-09-13 10:34:12,아빠엄마\2015\12월_크리스마스이브_이적콘서트,항목 16개,/album/AF1QipOetEQ1_HAGjj4fcogf74LWc-BjERz1E04PtGYw,SUCCESS,
2026-09-13 10:34:18,아빠엄마\2015\12월_속초여행,항목 169개,/album/AF1QipML8aQD3gMtdrDtfa1mie9j-D10cIEzQgBusHvB,SUCCESS,
2026-09-13 10:34:27,정세라 핸드폰 사진\김쓕♥\베이비파스텔성장앨범\액자담는곳\5) 8x8 모던데코 1개 - 1컷 (평일액자)\6) 6x6 모던데코 2개 - 2컷 선반 (평일액자),항목 2개,/album/AF1QipM4JJ3YRxw2_4ncVvWlSY6Ty4vr34YQftX2ySGI,SUCCESS,
2026-09-13 10:34:33,정세라 핸드폰 사진\김쓕♥\베이비파스텔성장앨범\액자담는곳\6) 6x6 모던데코 2개 - 2컷 선반 (평일액자),항목 4개,/album/AF1QipNgdNVwthfrCzpSS2dqy-AK8bBnV7ijN6JFbzBB,SUCCESS,
2026-09-13 10:34:39,정세라 핸드폰 사진\김쓕♥\베이비파스텔성장앨범\김시영 10x10-18p 그레이앨범,항목 1개,/album/AF1QipPDy0uK1cKDeep25Z35zWA8gmlpu8PBj7NSLdEr,SUCCESS,
2026-09-13 10:34:45,아빠엄마\2015\9월_에버랜드,항목 36개,/album/AF1QipOKRCCzfRpqRcxIECmdvCCXM3jdVW-ogkSoti7A,SUCCESS,
2026-09-13 10:34:53,아빠엄마\2015\9월_외식,항목 11개,/album/AF1QipP0mgitZ6r4ouR9CWRBF1TzueJCMVTfknvlmPMz,SUCCESS,
2026-09-13 10:35:00,아빠엄마\2015\8월_제주도_태교여행_iPhone,항목 36개,/album/AF1QipO2MqPQpJ2R7n_7Rz8COtZYTvKrWCG-LqbU36Do,SUCCESS,
2026-09-13 10:35:09,아빠엄마\2015\8월_제주도_태교여행_DSLR,항목 257개,/album/AF1QipPfkP1EmiPH4kByp8kiXDMUn-FSI-kV-vvYw__u,SUCCESS,Page.goto: net::ERR_ABORTED at https://photos.google.com/album/AF1QipPfkP1EmiPH4kByp8kiXDMUn-FSI-kV-
2026-09-13 10:35:15,정세라 핸드폰 사진\아이폰\2015-08,항목 2개,/album/AF1QipMWLNbJXFv0ts_xZv4M1fInN9n7Hw8Smga_14uE,SUCCESS,
2026-09-13 10:35:22,아빠엄마\2015\기타,항목 27개,/album/AF1QipOEQfDfIbbdeofnHdQMlJMvT4rcen8XjKcLsWRp,SUCCESS,
2026-09-13 10:35:34,아빠엄마\2015\5월_결혼식_지원중에,항목 17개,/album/AF1QipNRoEYb-3gL-NXjinXB3zSoCq0Gf7TiBqDCEtrz,SUCCESS,Delete album menuitem not found
2026-09-13 10:35:47,아빠엄마\2015\3월_동탄_외식,항목 24개,/album/AF1QipP0HP8zsN-JCDrXbxeqKA-hs_FNo9ZO9xQMxDBd,SUCCESS,Confirm delete button in dialog not found
2026-09-13 10:36:12,아빠엄마\2014\5월_뮤지컬CATS관람,항목 40개,/album/AF1QipP8yJd22MEm0m0qYU-2mgNnXMAK05VPnFZlluhT,SUCCESS,Confirm delete button in dialog not found
2026-09-13 10:36:18,아빠엄마\2014\10월7일_혼인신고,항목 4개,/album/AF1QipPSqN1ITExCh1sMHGfiQ_BUaX6g-XQKVT9Mm3Bh,SUCCESS,
2026-09-13 10:36:36,아빠엄마\2015\3월30일_세라생일,항목 4개,/album/AF1QipN2-8JutZ0vQjoxOGEBEqyel-g6AiDabNig6mn3,SUCCESS,
2026-09-13 10:37:03,아빠엄마\2015\3월_뮤지컬_드림걸즈,항목 17개,/album/AF1QipNyyqlZljfHPPppCbf5aQhg5U3EGu9dt48SDT6P,SUCCESS,Delete album menuitem not found
2026-09-13 10:37:26,아빠엄마\2015\5월_방콕_아빠없음_DICA,항목 451개,/album/AF1QipPdDdPbzp5Vbm2sKQ8O_hOGRDG6t1q1BKjTN8BC,FAILED,Delete album menuitem not found
2026-09-13 10:37:48,아빠엄마\2015\2월_서울나들이,항목 10개,/album/AF1QipO5A16Oc_xVTV6lSeEdfCpfb7mKQeFdlbYYHG1d,SUCCESS,Delete album menuitem not found
2026-09-13 10:38:01,Pictures\출장 사진\2014_01_이스탄불출장,항목 219개,/album/AF1QipP7doHA_4QNsKOyRpH9gJ1sOQo4enJd5snc47Gt,SUCCESS,Delete album menuitem not found
2026-09-13 10:38:08,아빠엄마\2014\12월24일_크리스마스이브,항목 7개,/album/AF1QipO_gkKHKFMxXtPH2XGRuZqaunGPJLOmWT51z1Ag,SUCCESS,
2026-09-13 10:38:26,아빠엄마\2014\9월_보라카이_DICA,항목 382개,/album/AF1QipOxa7VKS5nT5Ql7VWXMMOZTRzESo5Z6ZqEsGd1Z,SUCCESS,Delete album menuitem not found
2026-09-13 10:38:31,정세라 핸드폰 사진\아이폰\2014-09,항목 3개,/album/AF1QipNj5S2mxCfa8-nkL49w9UVTHdsSjn0f_gksHBSK,SUCCESS,
2026-09-13 10:38:47,세라 사진\신혼여행_이탈리아,항목 126개,/album/AF1QipNwS3kDldsiWLVfcOK33EnDbe8kQMb46L0kaZ8C,SUCCESS,Confirm delete button in dialog not found
2026-09-13 10:38:55,아빠엄마\2014\7월_신혼여행_이탈리아_DICA,항목 2034개,/album/AF1QipNCJLW9tXwilKQZ0MXQwTMMF8_z9JLMPQx9qrw1,SUCCESS,
2026-09-13 10:39:01,정세라 핸드폰 사진\세라 사진\신혼여행_이탈리아,항목 2034개,/album/AF1QipNlJ9r_-oGzKAqFGuESBD09wlM_VHRJvjiQcIGS,SUCCESS,
2026-09-13 10:39:14,세라 사진\신혼여행_이탈리아,항목 1908개,/album/AF1QipPdiYf57gZtGR6M1yoUwA2wckTwXcFDewquejnh,SUCCESS,Confirm delete button in dialog not found
2026-09-13 10:39:20,정세라 핸드폰 사진\아이폰X_2019~2021.11\201407__,항목 3개,/album/AF1QipOP9SF2nxw805xEKj4XUMWYH5IlXThMulYblqJ5,SUCCESS,
2026-09-13 10:39:28,정세라 핸드폰 사진\아이폰\2014-07,항목 1개,/album/AF1QipPYGpUVMN-m5qB6SHQizIcLypjhyEHUoxsetssa,SUCCESS,
2026-09-13 10:39:34,정세라 핸드폰 사진\아이폰X_2019~2021.11\201406__,항목 2개,/album/AF1QipPtKmwTPv4Rw8RkJdTMUAAYW4yF8RPi-fqTHMve,SUCCESS,
2026-09-13 10:39:44,아빠엄마\2014\6월28일_결혼식,항목 2개,/album/AF1QipOVoa_oFvVJRJOwgLZ45EiEXnihxXXGzpt9FAoQ,SUCCESS,
2026-09-13 10:39:49,정세라 핸드폰 사진\우리연애사진\동영상,항목 7개,/album/AF1QipP0CZByXuJsQ0gExzrLS2ScGrUmOPHZBePmpQ4s,SUCCESS,
2026-09-13 10:39:56,세라 사진\스튜디오 웨딩사진,항목 541개,/album/AF1QipPmB0oB-y8CxF_1B4nhn_G2KYskSm-JBpYFU2lj,SUCCESS,
2026-09-13 10:40:05,아빠엄마\2014\웨딩사진_최종,항목 12개,/album/AF1QipNOO6CRQV5cTt_9G9o7mGRgb_buLBXaE2uuKKX2,SUCCESS,
2026-09-13 10:40:22,정세라 핸드폰 사진\세라 사진\스튜디오 웨딩사진,항목 541개,/album/AF1QipMJppRkVDLj3wdYwlk1PFwaDcz4Mc0Hjk-VFhU2,SUCCESS,Delete album menuitem not found
2026-09-13 10:40:35,세라 사진\홍콩여행 ~2014.2.17,항목 275개,/album/AF1QipNaSZ1xNURBgfjY17MMMFxSkR5MUXOlEnycVSX_,SUCCESS,
2026-09-13 10:40:50,정세라 핸드폰 사진\세라 사진\홍콩여행 ~2014.2.17,항목 275개,/album/AF1QipM1-UGDPsVC3VFBJVqrmFeSRXXrStd64tw_1_Ml,SUCCESS,Delete album menuitem not found
2026-09-13 10:40:58,정세라 핸드폰 사진\아이폰\2014-02,항목 1개,/album/AF1QipOMOV8KDOa7w5iKc_iauv9Pssxw5mNJ2JRiuYdO,SUCCESS,
2026-09-13 10:41:11,정세라 핸드폰 사진\아이폰X_2019~2021.11\201402_c,항목 17개,/album/AF1QipMLjFaG66A5QW8PfnUE2muV0TuM9P1mEbq_Guna,SUCCESS,Delete album menuitem not found
2026-09-13 10:41:17,정세라 핸드폰 사진\아이폰X_2019~2021.11\201402_d,항목 7개,/album/AF1QipMybbjKnnua1EBKHSmc35rOLzMFvt4m8AxBe30o,SUCCESS,
2026-09-13 10:41:23,정세라 핸드폰 사진\아이폰X_2019~2021.11\201402_e,항목 2개,/album/AF1QipPE0vJ69mavzP27qRJDQBsgLJnNLi6ymHk_Y8cT,SUCCESS,
2026-09-13 10:41:28,정세라 핸드폰 사진\아이폰\2013-12,항목 2개,/album/AF1QipNl9rpsiN5WZ_UmU7ycUjIuWNchoAjxhGyGtcGl,SUCCESS,
2026-09-13 10:41:34,정세라 핸드폰 사진\아이폰\2013-11,항목 3개,/album/AF1QipPutKESs0j5rxim5Vu2_Sx58Tvh8PQAQblOlFZe,SUCCESS,
2026-09-13 10:41:39,Desktop\2016(시영이 태어난 해)\베이비파스텔성장앨범\액자담는곳\6) 6x6 모던데코 2개 - 2컷 선반 (평일액자),항목 2개,/album/AF1QipNy09zckA4mNYtMYEqAU5favDnRbySgcfmyoh3p,SUCCESS,
2026-09-13 10:41:45,Desktop\베이비파스텔성장앨범\액자담는곳\6) 6x6 모던데코 2개 - 2컷 선반 (평일액자),항목 2개,/album/AF1QipNrm8n9nbXEoQTSjRQwUWuaQw4qc3ezauWku5xy,SUCCESS,
2026-09-13 10:41:55,시영(쑥쑥)이와 함께\2016(시영이 태어난 해)\베이비파스텔성장앨범\액자담는곳\6) 6x6 모던데코 2개 - 2컷 선반 (평일액자),항목 2개,/album/AF1QipM36AzWKrSfZ0RvsW-Ca2BxQQPIiRbMdUeIycQh,SUCCESS,
2026-09-13 10:42:03,정세라 핸드폰 사진\아이폰\2013-10,항목 3개,/album/AF1QipPNr94rPaBAKZ-rvR2THigNxKdoTnfLmuBQ8azd,SUCCESS,
2026-09-13 10:42:08,정세라 핸드폰 사진\아이폰\2013-10,항목 3개,/album/AF1QipNi4-JWuIRcm4GdJacszbJOoZxcc2ASOin4olnP,SUCCESS,
2026-09-13 10:42:15,정세라 핸드폰 사진\아이폰\2013-09,항목 1개,/album/AF1QipMgWBm4KT-o7aMyFcAC1wQg1_EfK9_xyqBUGJZc,SUCCESS,
2026-09-13 10:42:20,"아빠엄마\2013\8월_남해,통영,거제 여행",항목 84개,/album/AF1QipNTjs46nCnmn4cO1wTisOlStjqMSwH82qW-nB-I,SUCCESS,
2026-09-13 10:42:29,"아빠엄마\2013\8월_남해,통영,거제 여행",항목 100개,/album/AF1QipMk8uHqcYmTU2TUYN_QmB92Xw18e7Ul_kpmYzKV,SUCCESS,Page.goto: net::ERR_ABORTED at https://photos.google.com/album/AF1QipMk8uHqcYmTU2TUYN_QmB92Xw18e7Ul_
2026-09-13 10:42:35,정세라 핸드폰 사진\아이폰\2013-07,항목 4개,/album/AF1QipOHtn1FEKWQVFavhRq4tN-2kdtoj8GDnK0kqRHV,SUCCESS,
2026-09-13 10:42:40,아빠엄마\2013\3월_속초여행,항목 19개,/album/AF1QipP8Lu1_Qo8m4vQnvzwynCqt7DhaRJhbkByNZeSz,SUCCESS,
2026-09-13 10:42:47,아빠엄마\2013\3월_속초여행,항목 100개,/album/AF1QipM8mc7z7QrDt-HOc2YyeGq_ijdLa5_6OqQXXnZB,SUCCESS,
2026-09-13 10:42:53,정세라 핸드폰 사진\아이폰\2013-03,항목 1개,/album/AF1QipMCk-dSodT27K0T0nYmqFBr8sCT7zjiZNi8Chj4,SUCCESS,
2026-09-13 10:43:00,Pictures\가족 여행\2012년_10월_추석 가족여행(제주도),항목 142개,/album/AF1QipNJjEZCsXJgrrzuVJ5merFKnlVywLmXGD9aiT9z,SUCCESS,
2026-09-13 10:43:07,세라 사진\정세라\연구행정_정세라,항목 1개,/album/AF1QipPW23UKBgYzqQo_czYo1aMG5zAspqO8HcQQLcNQ,SUCCESS,
2026-09-13 10:43:15,정세라 핸드폰 사진\세라 사진\정세라\연구행정_정세라,항목 1개,/album/AF1QipOIqxizhdcxZVhoa2H6yqxV86f2EeOCOM77OCAj,SUCCESS,
2026-09-13 10:43:27,Pictures\2011년\2011-09-30 송선지 캠핑,항목 28개,/album/AF1QipN_wHF8QtqzdNq-l_YkRNGPzbLB-sCLs-NSoqPL,SUCCESS,Confirm delete button in dialog not found
2026-09-13 10:43:35,Pictures\SVP 5120\2011-01-16 SVP5120,항목 4개,/album/AF1QipMqinH2aRnF1hBZUNMsBqjiyfJFyfT5GtRviZo7,SUCCESS,
2026-09-13 10:43:59,Pictures\SVP 5120\2011-01-16 SVP 5120 E팀,항목 7개,/album/AF1QipNqD2Q10n8sGACc7SGqSMaFoaJvc7BXZATVcc61,SUCCESS,Delete album menuitem not found
2026-09-13 10:44:06,Pictures\2010년\2010-12-05 팀 워크샵,항목 15개,/album/AF1QipOzjQWOmGxZFs604Z5M5ru3uNiisNQ4MaefpGTM,SUCCESS,
2026-09-13 10:44:12,Pictures\자취방\2010_11_18 콜라 맛당,항목 2개,/album/AF1QipPok2AIi0aDNm4eIYpGfXM0CwvdszSs1pZM7b1d,SUCCESS,
2026-09-13 10:44:18,Pictures\자취방,항목 11개,/album/AF1QipOJj7PqkjsQYxcYQ7Xdz1cLJ-7yVF32zrwg-Xz1,SUCCESS,
2026-09-13 10:44:31,Pictures\2010년\2010_10_15~16 캠핑,항목 44개,/album/AF1QipNhebGODtB4CXQZ5CTd62Wxtjtob0tXNrlI79x3,SUCCESS,Confirm delete button in dialog not found
2026-09-13 10:44:38,Pictures\2010년\2010_09_02 팀후배,항목 11개,/album/AF1QipPKiZ2z2NHaclwyrG0FMGEVUL6wRnAosKiCEV5P,SUCCESS,
2026-09-13 10:44:45,Pictures\2010년\2010_08_28 파트워크샵 답사,항목 27개,/album/AF1QipMQKeDRjKJoTe2g6QEMxuHrolW5YGCpWOXsduxn,SUCCESS,
2026-09-13 10:44:51,Pictures\가족 여행\2010_08_02 하계 가족여행(통영),항목 3개,/album/AF1QipOdcMwmWmKs36MFLkqDmGazz1xKrz39oSddKh3Z,SUCCESS,
2026-09-13 10:44:57,Pictures\자취방\2010_06_20 볶음밥,항목 4개,/album/AF1QipMEC3UM-pNLO9y_2LCzkgSZhw6l5kmdr2CfyWuC,SUCCESS,
2026-09-13 10:45:03,Pictures\출장 사진\2010_05_인도출장,항목 3개,/album/AF1QipNRCnu2bK7UKi7_tH-Zi4mrXs-HOvT-kfu-zn1I,SUCCESS,
2026-09-13 10:45:10,Pictures\자취방\2010_03_01 짜파게티,항목 3개,/album/AF1QipPZJmbIhwj5Z75yevo3yD3PB64D_N3XEZhqxfNb,SUCCESS,
2026-09-13 10:45:25,Pictures\가족 여행\2009_08 하계 가족여행(선지도),항목 79개,/album/AF1QipPZGDuYIUwMavJaUAMr_kVIQzIQttEVS6dAqUVh,SUCCESS,Confirm delete button in dialog not found
2026-09-13 10:45:32,Pictures\가족 여행\2009_08 하계 가족여행(선지도),항목 23개,/album/AF1QipN4NtHzawZ47dr68x0k5kFE05DqUY9JYP0BCzP7,SUCCESS,
2026-09-13 10:45:40,Pictures\2010년,항목 1개,/album/AF1QipPjdEmm7k4syKTy882y5dWXTvgDaDiCQNDJwSyt,SUCCESS,
2026-09-13 10:46:44,Pictures\출장 사진\2009_06 폴란드 출장,항목 29개,/album/AF1QipONW_DRnxLO7u_rmo7WWH26lYJOd7lu-KY_cvzD,FAILED,Delete album menuitem not found
2026-09-13 10:47:01,Desktop\SVP 5120\영상들\쿠키영상\오현택,항목 2개,/album/AF1QipPcgRGRyMqhjhWGoETcO_IzQPWTpqOJ2518OsKb,SUCCESS,Confirm delete button in dialog not found
2026-09-13 10:47:15,Contents\Animation\은하영웅전설\은하전국군웅전 라이 1~27 완결\은하전국군웅전 라이-총27권(완)\은하전국군웅전 라이 27권,항목 2개,/album/AF1QipM-Vg1k1smlUDpxXmm92_nFtxwbiGu6FnXTvQQ6,SUCCESS,Delete album menuitem not found
2026-09-13 10:47:24,Contents\Animation\은하영웅전설\은하전국군웅전 라이 1~27 완결\은하전국군웅전 라이-총27권(완)\은하전국군웅전 라이 26권,항목 1개,/album/AF1QipP-UH7VKURs0HGb8CTGF4-ZNTViR4k5AWzlvEbG,SUCCESS,
2026-09-13 10:47:32,Contents\Animation\은하영웅전설\은하전국군웅전 라이 1~27 완결\은하전국군웅전 라이-총27권(완)\은하전국군웅전 라이 25권,항목 1개,/album/AF1QipNvARXlqcJUVLxUaJsqHnba839iv66b6D7Y6Mxw,SUCCESS,
2026-09-13 10:47:39,Contents\Comics\은하전국군웅전 라이-총27권(완)\은하전국군웅전 라이 25권,항목 1개,/album/AF1QipOpe0KmW0VdYLZt6K4eZOa2Nn0OgLtqF42VQZhM,SUCCESS,
2026-09-13 10:47:47,Contents\Animation\은하영웅전설\은하전국군웅전 라이 1~27 완결\은하전국군웅전 라이-총27권(완)\은하전국군웅전 라이 24권,항목 1개,/album/AF1QipM3bBNg_vu3u0TO5DDF0XcLz4GMxNuVMseywLuK,SUCCESS,
2026-09-13 10:47:59,Contents\Comics\은하전국군웅전 라이-총27권(완)\은하전국군웅전 라이 24권,항목 1개,/album/AF1QipNa4aLqxvOI3RpPYNfzQIBc8zqbO2aozjAie4XX,SUCCESS,Confirm delete button in dialog not found
2026-09-13 10:48:13,Contents\Animation\은하영웅전설\은하전국군웅전 라이 1~27 완결\은하전국군웅전 라이-총27권(완)\은하전국군웅전 라이 23권,항목 1개,/album/AF1QipNYgLEWvL_xutPA6tyAMOTImqL1Y3cIL8A__jcU,SUCCESS,Confirm delete button in dialog not found
2026-09-13 10:48:19,Contents\Comics\은하전국군웅전 라이-총27권(완)\은하전국군웅전 라이 23권,항목 1개,/album/AF1QipN8cPvO9sgb1cjRIfQOTqQ42-pMQyTm7PCjUHA5,SUCCESS,
2026-09-13 10:48:40,Contents\Animation\은하영웅전설\은하전국군웅전 라이 1~27 완결\은하전국군웅전 라이-총27권(완)\은하전국군웅전 라이 22권,항목 1개,/album/AF1QipNqr21cFzN9anj7o7qnRXUMa1Gvu3FtuFOIviD4,SUCCESS,Delete album menuitem not found
2026-09-13 10:48:46,Contents\Comics\은하전국군웅전 라이-총27권(완)\은하전국군웅전 라이 22권,항목 1개,/album/AF1QipMT07PXaOsP_tKDfnHif2iOxSaMn2vSQg9pOHzZ,SUCCESS,
2026-09-13 10:48:53,Contents\Animation\은하영웅전설\은하전국군웅전 라이 1~27 완결\은하전국군웅전 라이-총27권(완)\은하전국군웅전 라이 21권,항목 1개,/album/AF1QipMd6YmW1ytY15ES72llx_UEzLQXPfRsZ6vd7iOS,SUCCESS,
2026-09-13 10:49:00,Contents\Comics\은하전국군웅전 라이-총27권(완)\은하전국군웅전 라이 21권,항목 1개,/album/AF1QipNS-TFDt-WMFGA3Ob_4HSFr0z6oxbb4YqoETM-Z,SUCCESS,
2026-09-13 10:49:08,Contents\Animation\은하영웅전설\은하전국군웅전 라이 1~27 완결\은하전국군웅전 라이-총27권(완)\은하전국군웅전 라이 18권,항목 1개,/album/AF1QipNppF3fdToC9KXy89zGyunQrNqznlzP3ohK3mG-,SUCCESS,
2026-09-13 10:49:18,Contents\Comics\은하전국군웅전 라이-총27권(완)\은하전국군웅전 라이 18권,항목 1개,/album/AF1QipMkxwKo0LgDks5BGIKR2clV_8y57D-dLXbxaPfr,SUCCESS,Page.goto: net::ERR_ABORTED at https://photos.google.com/album/AF1QipMkxwKo0LgDks5BGIKR2clV_8y57D-dL
2026-09-13 10:49:24,Contents\Animation\은하영웅전설\은하전국군웅전 라이 1~27 완결\은하전국군웅전 라이-총27권(완)\은하전국군웅전 라이 16권,항목 1개,/album/AF1QipM-k-4z2t9gtw4XG46lEmbm71Ua6tF_0TTk0x9D,SUCCESS,
2026-09-13 10:49:30,Contents\Comics\은하전국군웅전 라이-총27권(완)\은하전국군웅전 라이 16권,항목 1개,/album/AF1QipNY_8WiLrN6CqItS8hY7R81nP9q9foMA1PFOoGC,SUCCESS,
2026-09-13 10:49:36,Contents\Comics\은하전국군웅전 라이-총27권(완)\은하전국군웅전 라이 15권,항목 2개,/album/AF1QipNKUG66ZL0qlqAWPsaF5lSibDKr6_hB49N1-NpL,SUCCESS,
2026-09-13 10:49:42,Contents\Comics\은하전국군웅전 라이-총27권(완)\은하전국군웅전 라이 14권,항목 1개,/album/AF1QipMmDCSrVeVX_510ABcMmwAMHyNnXh_5o0_QGdWt,SUCCESS,
2026-09-13 10:49:49,Contents\Comics\은하전국군웅전 라이-총27권(완)\은하전국군웅전 라이 13권,항목 1개,/album/AF1QipMtBnZCSNc0yqwdlyhb5EwaKwUZ3OiCFDorxTnU,SUCCESS,
2026-09-13 10:50:05,Contents\Animation\은하영웅전설\은하전국군웅전 라이 1~27 완결\은하전국군웅전 라이-총27권(완)\은하전국군웅전 라이 12권,항목 1개,/album/AF1QipPGGfWnAaBE2qNKDq0l5JqgZR_aBMfjRAjl05dd,SUCCESS,Delete album menuitem not found
2026-09-13 10:50:12,Contents\Comics\은하전국군웅전 라이-총27권(완)\은하전국군웅전 라이 12권,항목 1개,/album/AF1QipOgDgjMz7RWSzelX6j4jPIP2xoxeOGbqX16mvmt,SUCCESS,
2026-09-13 10:50:18,Contents\Animation\은하영웅전설\은하전국군웅전 라이 1~27 완결\은하전국군웅전 라이-총27권(완)\은하전국군웅전 라이 10권,항목 1개,/album/AF1QipPK8qkhKx7Q3kct5EsWAJf9ngByojOYqtm49Hun,SUCCESS,
2026-09-13 10:50:24,Contents\Comics\은하전국군웅전 라이-총27권(완)\은하전국군웅전 라이 10권,항목 1개,/album/AF1QipP1tahFOK76t7_xZvCiozHmLM5Rqr7HkH7uBCXj,SUCCESS,
2026-09-13 10:50:30,Contents\Animation\은하영웅전설\은하전국군웅전 라이 1~27 완결\은하전국군웅전 라이-총27권(완)\은하전국군웅전 라이 09권,항목 1개,/album/AF1QipNmS4I6j_JMpFTERJd9n4RQRzCvrwyQb9uEw-xZ,SUCCESS,
2026-09-13 10:50:36,Contents\Comics\은하전국군웅전 라이-총27권(완)\은하전국군웅전 라이 09권,항목 1개,/album/AF1QipNj6c0S3mH4gIUFF2WkzyX5GRggJkJWDNahI266,SUCCESS,
2026-09-13 10:50:42,Contents\Animation\은하영웅전설\은하전국군웅전 라이 1~27 완결\은하전국군웅전 라이-총27권(완)\은하전국군웅전 라이 08권,항목 1개,/album/AF1QipMIiadFnpSZ38XcDGbZUIn6HaNs4Vstev1Gutxi,SUCCESS,
2026-09-13 10:50:48,Contents\Comics\은하전국군웅전 라이-총27권(완)\은하전국군웅전 라이 08권,항목 1개,/album/AF1QipMN1opKWAC5P4_arWYVe8wVWSoy67CbSQaqF3Jv,SUCCESS,
2026-09-13 10:50:54,Contents\Animation\은하영웅전설\은하전국군웅전 라이 1~27 완결\은하전국군웅전 라이-총27권(완)\은하전국군웅전 라이 06권,항목 1개,/album/AF1QipNILF4dTFWVZA1XGhkrZh2_L9QT7nM2eFf6omXt,SUCCESS,
2026-09-13 10:51:00,Contents\Comics\은하전국군웅전 라이-총27권(완)\은하전국군웅전 라이 06권,항목 1개,/album/AF1QipOafopJ9vgLdJuS3YBXZSoII8ZvrivJbopgxbZH,SUCCESS,
2026-09-13 10:51:06,Contents\Animation\은하영웅전설\은하전국군웅전 라이 1~27 완결\은하전국군웅전 라이-총27권(완)\은하전국군웅전 라이 05권,항목 2개,/album/AF1QipNF7eJG0GgFk2vPV1Cxp58iG3ckU5uA8u6AwW-V,SUCCESS,
2026-09-13 10:51:12,Contents\Comics\은하전국군웅전 라이-총27권(완)\은하전국군웅전 라이 05권,항목 2개,/album/AF1QipNxq-3x5ZVpfqih0fRV7neltNyzE8OkWGS0vyz5,SUCCESS,
2026-09-13 10:51:18,Contents\Animation\은하영웅전설\은하전국군웅전 라이 1~27 완결\은하전국군웅전 라이-총27권(완)\은하전국군웅전 라이 03권,항목 1개,/album/AF1QipP7qIOAl2QDRJVumfFr99yYE0LKB5rr9D0rY25M,SUCCESS,
2026-09-13 10:51:24,Contents\Animation\은하영웅전설\은하전국군웅전 라이 1~27 완결\은하전국군웅전 라이-총27권(완)\은하전국군웅전 라이 03권,항목 1개,/album/AF1QipOqxp-cJhlqrMhO-SoamXGFpVVILXxPb0HXPeaR,SUCCESS,
2026-09-13 10:51:48,Contents\Comics\은하전국군웅전 라이-총27권(완)\은하전국군웅전 라이 03권,항목 1개,/album/AF1QipOGr_o3cI78398k_W8Xt9dowt-mlXs8I0FKW-oA,SUCCESS,Confirm delete button in dialog not found
2026-09-13 10:51:56,Contents\Animation\은하영웅전설\은하전국군웅전 라이 1~27 완결\은하전국군웅전 라이-총27권(완)\은하전국군웅전 라이 02권,항목 1개,/album/AF1QipO8SyBg7iUjQlgiiIIdhk_HQaBH-yz5i7giJCYp,SUCCESS,
2026-09-13 10:52:02,Contents\Comics\은하전국군웅전 라이-총27권(완)\은하전국군웅전 라이 02권,항목 1개,/album/AF1QipM8-8EDgNb57Y7vd9bvPgtXGXrz4MryiiCe4DDe,SUCCESS,
2026-09-13 10:52:08,Contents\Animation\은하영웅전설\은하전국군웅전 라이 1~27 완결\은하전국군웅전 라이-총27권(완)\은하전국군웅전 라이 01권,항목 2개,/album/AF1QipPL7l6xLOYxv7_hq0p2N4P_pMBrQAbAEcP3ibvx,SUCCESS,
2026-09-13 10:52:14,Contents\Comics\은하전국군웅전 라이-총27권(완)\은하전국군웅전 라이 01권,항목 2개,/album/AF1QipODuuoAt6iswUxMgwjZXmoAyHvTopJK-eDj8Hgk,SUCCESS,
2026-09-13 10:52:20,Pictures\2008년 이전\2006_11 오사카,항목 710개,/album/AF1QipNqUmTASlNznMWblPG4dAJFWdIRUQ6Xmipzx2aW,SUCCESS,
2026-09-13 10:52:26,Desktop\SVP 5120\사진\E팀_후배들,항목 없음,/album/AF1QipPkiNZYNZo3UK7bAdz9_9kpXRhM0Xc5_b-sTXbq,SUCCESS,
2026-09-13 10:52:32,Desktop\SVP 5120\사진\완섭사진\1216,항목 없음,/album/AF1QipM_S-oPlRr8tu5Pnz1L1pYkefCflAjUIfUiayzf,SUCCESS,
2026-09-13 10:52:38,Desktop\SVP 5120\사진\완섭사진\1217,항목 없음,/album/AF1QipMPiTxgVBUxi-JmUMDClWQiKkd0tqyi8hmSFaCS,SUCCESS,
2026-09-13 10:52:49,Desktop\SVP 5120\사진\완섭사진\1221,항목 없음,/album/AF1QipMK_VewfSiIL16Bo_ZvCyT-gyEIGf5xPlYSfodD,SUCCESS,
2026-09-13 10:52:54,Desktop\SVP 5120\사진\완섭사진\1222,항목 없음,/album/AF1QipOmsiRePaFyUEmsvY2rlcIiE7gAw-ByvTQ4S6pV,SUCCESS,
2026-09-13 10:53:00,Desktop\SVP 5120\사진\완섭사진\1222\output,항목 없음,/album/AF1QipOKap03hqE80N_e6PZvoSydvh0B3XhLGFnwrjd2,SUCCESS,
2026-09-13 10:53:09,Desktop\SVP 5120\사진\완섭사진\1222\대두샷,항목 없음,/album/AF1QipO0taVmZmkrghg1iJMbChMrJITzyQLWpzCxzkGT,SUCCESS,
2026-09-13 10:53:15,Desktop\SVP 5120\사진\완섭사진\1222\대두샷\꾸미기,항목 없음,/album/AF1QipMOSrtOMlEsUh9PYP4oTSdUtxIR_WkYcXpItXv2,SUCCESS,
2026-09-13 10:53:22,Desktop\SVP 5120\사진\완섭사진\1222\대두샷\수정,항목 없음,/album/AF1QipPsfRhe3hIotlkdSBv9JRyIYnS1dNiZOUMaTm6j,SUCCESS,
2026-09-13 10:53:29,Desktop\SVP 5120\사진\완섭사진\1222\선정 BEST 11,항목 없음,/album/AF1QipMNgKQorVlem0I7vReiyemRBKEH9Xh9YvGG-iwo,SUCCESS,
2026-09-13 10:53:55,Desktop\SVP 5120\사진\완섭사진\1224\대강의장 화면,항목 없음,/album/AF1QipOK4eHEn-r0JxllaehTiTz_LqAbhhmzAhn7eEB0,SUCCESS,Confirm delete button in dialog not found
2026-09-13 10:54:11,Desktop\SVP 5120\사진\완섭사진\1224\대강의장 화면\화면 사진_1224,항목 없음,/album/AF1QipNTOChoU9n8E0FUlSpiLcADh3sokfCfEeYCZxgL,SUCCESS,
2026-09-13 10:54:20,Desktop\SVP 5120\사진\완섭사진\1226,항목 없음,/album/AF1QipPZ5vc5Uyf7dKJoIf53dNvhh4pgfkEbirdGynII,SUCCESS,
2026-09-13 10:54:26,Desktop\SVP 5120\사진\완섭사진\1223,항목 없음,/album/AF1QipPgKA6T2FrfNwSfCHEJKqLrmdm0t_7Y3Ww-cDM-,SUCCESS,
2026-09-13 10:54:32,Desktop\SVP 5120\사진\완섭사진\1225\JPG,항목 없음,/album/AF1QipOh_3bQimkwyRbkf8gjT7LOY4e0GsBrZKpsu62h,SUCCESS,
2026-09-13 10:54:38,Desktop\SVP 5120\사진\완섭사진\1225\JPG\1225,항목 없음,/album/AF1QipPoAVQNR_cfZpfP7XC9ue2zIHCXvisVyn5Ao-Xt,SUCCESS,
2026-09-13 10:54:50,Desktop\SVP 5120\사진\완섭사진\1226\1226,항목 없음,/album/AF1QipOAXXGTrt0trlYIeViNezuRHkmKoVC_nm0CFchK,SUCCESS,Delete album menuitem not found
2026-09-13 10:54:56,Desktop\SVP 5120\사진\완섭사진\1226\투픽,항목 없음,/album/AF1QipNBO4XIlwsF9xDd0T7qsXTiRmd9ZQiunVn_NTZi,SUCCESS,
2026-09-13 10:55:02,Desktop\SVP 5120\사진\완섭사진\1228,항목 없음,/album/AF1QipNcMl9MCgbMmX2kyKy6DZvBLABjx5BTL-G_K-QC,SUCCESS,
2026-09-13 10:55:09,Desktop\SVP 5120\사진\완섭사진\1228\투픽,항목 없음,/album/AF1QipM6v-vOsRxMpCwts34AvpUIfxU11MxKSvwFe9u4,SUCCESS,
2026-09-13 10:55:15,Desktop\SVP 5120\사진\완섭사진\1229,항목 없음,/album/AF1QipOA_vBqpjvEwwYDVoYfMl_2-RYbIQ4wmLXCE0ch,SUCCESS,
2026-09-13 10:55:20,Desktop\SVP 5120\사진\완섭사진\1230,항목 없음,/album/AF1QipNwjEE6z3tEPVtm0mqtnwyuG3MLvnMCodIXt5jV,SUCCESS,
2026-09-13 10:55:26,Desktop\SVP 5120\사진\완섭사진\1230\드라마 삼성,항목 없음,/album/AF1QipM4crbvr3FFHSX2wfXBbPg5AJvWrqdJEyoIMjNT,SUCCESS,
2026-09-13 10:55:32,Desktop\SVP 5120\사진\완섭사진\1230\드라마 삼성\드라마삼성,항목 없음,/album/AF1QipP8tf0Q62fTC1tipijHptgH2QnRx6s1M_5soCg3,SUCCESS,
2026-09-13 10:55:38,Desktop\SVP 5120\사진\완섭사진\1230\투픽,항목 없음,/album/AF1QipMzE_OUoz3RnPKsUnJCBDQ4HjaSG28cd8sS7Par,SUCCESS,
2026-09-13 10:55:45,Desktop\SVP 5120\사진\완섭사진\1231,항목 없음,/album/AF1QipPQq9Nm_Wul9b9AmvN4jVbUmnkbtuwnnTvjxhcl,SUCCESS,
2026-09-13 10:56:03,Desktop\SVP 5120\사진\완섭사진\선배 독사진,항목 없음,/album/AF1QipNXEDl7YMPZisZ7PElKixNaHmYBOKAg3xrGWNPL,SUCCESS,
2026-09-13 10:56:12,Desktop\SVP 5120\사진\완섭사진\선배 독사진\output,항목 없음,/album/AF1QipPUA7PZLTEM0_PIFO_Wvlkptnsnpl-52nx2oJcn,SUCCESS,
2026-09-13 10:56:19,Desktop\SVP 5120\영상들\동영상 편집\20차,항목 없음,/album/AF1QipNpZYETwfhhej5PV_UMILCjMvajBHnt0NxkfO8u,SUCCESS,
2026-09-13 10:56:24,Pictures\SVP 5120\2011-02-04 SVP 후배와 부산 MT,항목 없음,/album/AF1QipNEkar0LqxAyUlpia7QJTJxS93OyZMorN-6MKrL,SUCCESS,
2026-09-13 10:56:29,Contents\Animation\은하영웅전설\은하전국군웅전 라이 1~27 완결\은하전국군웅전 라이-총27권(완)\은하전국군웅전 라이 02권,항목 없음,/album/AF1QipPxCOJKfH9EmywQGFcYkYrMV5zqrIhJSHxFXio3,SUCCESS,
2026-09-13 10:56:35,Contents\Animation\은하영웅전설\은하전국군웅전 라이 1~27 완결\은하전국군웅전 라이-총27권(완)\은하전국군웅전 라이 07권,항목 없음,/album/AF1QipNBgzhBynYfdfKrLksvr3sOw2sTKlnwCtQahPFF,SUCCESS,
2026-09-13 10:56:40,Contents\Animation\은하영웅전설\은하전국군웅전 라이 1~27 완결\은하전국군웅전 라이-총27권(완)\은하전국군웅전 라이 11권,항목 없음,/album/AF1QipMuaaT4oH1Xgv57HEDshGK4MPiB0r1JGNyB4BDR,SUCCESS,
2026-09-13 10:56:46,Contents\Animation\은하영웅전설\은하전국군웅전 라이 1~27 완결\은하전국군웅전 라이-총27권(완)\은하전국군웅전 라이 15권,항목 없음,/album/AF1QipONm1IJSEpObXxkmhHoKN6D0U6vTQ8CZg2A1KtR,SUCCESS,
2026-09-13 10:56:51,Contents\Animation\은하영웅전설\은하전국군웅전 라이 1~27 완결\은하전국군웅전 라이-총27권(완)\은하전국군웅전 라이 17권,항목 없음,/album/AF1QipMW7zrgzTVRPXxK_veBD1NdUYNiJEWIUawVyP9y,SUCCESS,
2026-09-13 10:56:56,Contents\Animation\은하영웅전설\은하전국군웅전 라이 1~27 완결\은하전국군웅전 라이-총27권(완)\은하전국군웅전 라이 19권,항목 없음,/album/AF1QipOhQBmP66DBNlN9vJxMfcT_RgoYbIVke_aYalMz,SUCCESS,
2026-09-13 10:57:02,Contents\Animation\은하영웅전설\은하전국군웅전 라이 1~27 완결\은하전국군웅전 라이-총27권(완)\은하전국군웅전 라이 20권,항목 없음,/album/AF1QipPY6jgvwjWwrxzFuBAUMA_mX-KQsAlYem1eb9gD,SUCCESS,
2026-09-13 10:57:07,Contents\Comics\3x3 Eyes 1~40 완\04,항목 없음,/album/AF1QipPm_7zHyErwEtSCwnIPgWGrUKv3KaCzLPI2cuqs,SUCCESS,
2026-09-13 10:57:17,Contents\Comics\3x3 Eyes 1~40 완\07,항목 없음,/album/AF1QipNKT8AE830KD6uEmS9WNEY1H-25Z41iwuvlVXOJ,SUCCESS,
2026-09-13 10:57:22,Contents\Comics\3x3 Eyes 1~40 완\12,항목 없음,/album/AF1QipOQ8BxJrK7GWsqz_QefIdg89nBMlavMt143HHe6,SUCCESS,
2026-09-13 10:57:27,Contents\Comics\은하전국군웅전 라이-총27권(완)\은하전국군웅전 라이 07권,항목 없음,/album/AF1QipNBUswWvw5Owm3ELmfkjEFrcsykm0bK9roJ1eSh,SUCCESS,
2026-09-13 10:57:33,Contents\Comics\은하전국군웅전 라이-총27권(완)\은하전국군웅전 라이 11권,항목 없음,/album/AF1QipMfctQSZpxd7Sd-8L2Dl6sFk3FSJ1o1rMU4zxFe,SUCCESS,
2026-09-13 10:57:38,Contents\Comics\은하전국군웅전 라이-총27권(완)\은하전국군웅전 라이 17권,항목 없음,/album/AF1QipORkKjnxgrQFy-M9I5EBOogA0Um8IGE4HvYr4ky,SUCCESS,
2026-09-13 10:57:43,Contents\Comics\은하전국군웅전 라이-총27권(완)\은하전국군웅전 라이 19권,항목 없음,/album/AF1QipPvNqiCcbzENS3KkjgCy4xeZb5ngleZ5l3Ia6nf,SUCCESS,
2026-09-13 10:57:49,Contents\Comics\은하전국군웅전 라이-총27권(완)\은하전국군웅전 라이 20권,항목 없음,/album/AF1QipPjzCZ3fUgTX_f8xBTRP1NV9YbjF0LeyQxnxxVN,SUCCESS,
2026-09-13 11:14:56,김시영,항목 175개,/album/AF1QipOsP23WgP4SBizW1diQy-Nl7siUmjWjWBuGOYAj,SUCCESS,Delete album menuitem not found
2026-09-13 11:15:15,Desktop\2019(아빠 광저우 주재원 1년차),항목 3493개,/album/AF1QipMeG8Y_alt6XCQ9uaMRRVSTppCb4irl1232HDWY,SUCCESS,Delete album menuitem not found
2026-09-13 11:15:36,Desktop\2018(아빠 복귀했다 다시 주재원),항목 1271개,/album/AF1QipOnT5MXzPCDnuhfMmiFTN6bYEGUAjGnnohxPJdU,SUCCESS,Delete album menuitem not found
2026-09-13 11:15:51,Desktop\2016(시영이 태어난 해),항목 8229개,/album/AF1QipNe3PH9HNDXfid2JEAHoNJ7P1QUPk9xx0baQoGh,SUCCESS,
2026-09-13 11:16:24,정세라 핸드폰 사진\김쓕♥\2016 김시영\김쓕_엄마 2016-08~09,항목 396개,/album/AF1QipNRhjBctvEzyCM0elOrB97y9SWghyyLVpwVQ27u,SUCCESS,"Page.goto: Timeout 20000ms exceeded.
Call log:
  - navigating to ""https://photos.google.com/album/AF"
2026-09-13 11:16:31,시영이5살 2020,항목 11개,/album/AF1QipPkFZeR1Nf7yh1DnkvK4Qh8ppYUp4oouyjiwS-f,SUCCESS,
2026-09-13 11:17:02,시영이4살 2019,항목 10개,/album/AF1QipNRGA6L7HZawnx9sd-pFrol-CL_p68M-zwf8BC1,SUCCESS,"Page.goto: Timeout 20000ms exceeded.
Call log:
  - navigating to ""https://photos.google.com/album/AF"
2026-09-13 11:17:14,시영이3살 2018,항목 10개,/album/AF1QipMLKKqmIsBJby1pfsN_8fpQY6FjmAEslswH94IN,SUCCESS,Confirm delete button in dialog not found
2026-09-13 11:17:41,시영이2살 2017,항목 10개,/album/AF1QipNo9B5W0_zJp-JTnBRSmp2FN5lukyzSs_HeW8IP,SUCCESS,"Page.goto: Timeout 20000ms exceeded.
Call log:
  - navigating to ""https://photos.google.com/album/AF"
2026-09-13 11:17:56,시영이1살 2016,항목 10개,/album/AF1QipM9NdYutmFYRnDtgqKb4Vn6PtiQ718jjxot9OXh,SUCCESS,
2026-09-13 11:18:03,시영이6살 2021,항목 10개,/album/AF1QipMZ7Xt8AFCTrvDXUJdVJfplshHfjudAOREzMCA8,SUCCESS,
2026-09-13 11:18:36,Desktop\2020(아빠 주재원 2년차),항목 2446개,/album/AF1QipMzGpGxZGdGzxw6qpP0NFLNBLOfMrVHAAd8DTIW,SUCCESS,Confirm delete button in dialog not found
2026-09-13 11:18:42,정세라 핸드폰 사진\김쓕♥\2017 김시영\시영_엄마 2017-11,항목 351개,/album/AF1QipOX2P_ulBB2HS1ex05njznERINhaVDTmVsAoK3Z,SUCCESS,
2026-09-13 11:18:55,세라 사진,항목 1개,/album/AF1QipO5da1Egkb0jy5x1fGSqvqcoPFdF5-JGxCwGk0x,SUCCESS,
2026-09-13 11:19:17,아빠엄마\2015\3월_뮤지컬_드림걸즈,항목 17개,/album/AF1QipNyyqlZljfHPPppCbf5aQhg5U3EGu9dt48SDT6P,SUCCESS,
2026-09-13 11:19:47,아빠엄마\2015\5월_방콕_아빠없음_DICA,항목 451개,/album/AF1QipPdDdPbzp5Vbm2sKQ8O_hOGRDG6t1q1BKjTN8BC,SUCCESS,Delete album menuitem not found
2026-09-13 11:23:06,Desktop\\2016(시영이 태어난 해),항목 8229개,/album/AF1QipNe3PH9HNDXfid2JEAHoNJ7P1QUPk9xx0baQoGh,SUCCESS,Confirmed deleted after backend sync
